Method,Job,AnalyzeLaunchVariance,EvaluateOverhead,MaxAbsoluteError,MaxRelativeError,MinInvokeCount,MinIterationTime,OutlierMode,Affinity,EnvironmentVariables,Jit,LargeAddressAware,Platform,PowerPlanMode,Runtime,AllowVeryLargeObjects,Concurrent,CpuGroups,Force,HeapAffinitizeMask,HeapCount,NoAffinitize,RetainVm,Server,Arguments,BuildConfiguration,Clock,EngineFactory,NuGetReferences,Toolchain,IsMutator,InvocationCount,IterationCount,IterationTime,LaunchCount,MaxIterationCount,MaxWarmupIterationCount,MemoryRandomization,MinIterationCount,MinWarmupIterationCount,RunStrategy,UnrollFactor,WarmupCount,TotalBytes,ChunkSize,Mean,Error,StdDev,Median,Ratio,RatioSD,Allocated,Alloc Ratio
Resizable.Fill+SingleFlush,Job-CNUJVU,False,Default,Default,Default,Default,Default,Default,00000000000000000000000000000000000000000000000000000000000000001111111111111111111111111111111111111111111111111111111111111111,Empty,RyuJit,Default,X64,8c5e7fda-e8bf-4a96-9a85-a6e23a8c635c,.NET 10.0,False,True,False,True,Default,Default,False,False,False,Default,Default,Default,Default,Default,Default,Default,1,Default,Default,Default,Default,Default,Default,Default,Default,Default,1,Default,262144,256,135.915 μs,2.5709 μs,2.5249 μs,134.495 μs,1.00,0.03,0 B,NA
Linked.Fill+SegmentFlush,Job-CNUJVU,False,Default,Default,Default,Default,Default,Default,00000000000000000000000000000000000000000000000000000000000000001111111111111111111111111111111111111111111111111111111111111111,Empty,RyuJit,Default,X64,8c5e7fda-e8bf-4a96-9a85-a6e23a8c635c,.NET 10.0,False,True,False,True,Default,Default,False,False,False,Default,Default,Default,Default,Default,Default,Default,1,Default,Default,Default,Default,Default,Default,Default,Default,Default,1,Default,262144,256,182.491 μs,3.4881 μs,3.7322 μs,181.025 μs,1.34,0.04,0 B,NA
Linked.Fill+ToArray+SingleFlush,Job-CNUJVU,False,Default,Default,Default,Default,Default,Default,00000000000000000000000000000000000000000000000000000000000000001111111111111111111111111111111111111111111111111111111111111111,Empty,RyuJit,Default,X64,8c5e7fda-e8bf-4a96-9a85-a6e23a8c635c,.NET 10.0,False,True,False,True,Default,Default,False,False,False,Default,Default,Default,Default,Default,Default,Default,1,Default,Default,Default,Default,Default,Default,Default,Default,Default,1,Default,262144,256,187.357 μs,2.6321 μs,2.7030 μs,186.297 μs,1.38,0.03,262168 B,NA
Resizable.Fill+SegmentConsume,Job-CNUJVU,False,Default,Default,Default,Default,Default,Default,00000000000000000000000000000000000000000000000000000000000000001111111111111111111111111111111111111111111111111111111111111111,Empty,RyuJit,Default,X64,8c5e7fda-e8bf-4a96-9a85-a6e23a8c635c,.NET 10.0,False,True,False,True,Default,Default,False,False,False,Default,Default,Default,Default,Default,Default,Default,1,Default,Default,Default,Default,Default,Default,Default,Default,Default,1,Default,262144,256,23.178 μs,0.4182 μs,0.6511 μs,23.069 μs,0.17,0.01,0 B,NA
Linked.Fill+SegmentConsume,Job-CNUJVU,False,Default,Default,Default,Default,Default,Default,00000000000000000000000000000000000000000000000000000000000000001111111111111111111111111111111111111111111111111111111111111111,Empty,RyuJit,Default,X64,8c5e7fda-e8bf-4a96-9a85-a6e23a8c635c,.NET 10.0,False,True,False,True,Default,Default,False,False,False,Default,Default,Default,Default,Default,Default,Default,1,Default,Default,Default,Default,Default,Default,Default,Default,Default,1,Default,262144,256,68.591 μs,1.3312 μs,1.7309 μs,68.602 μs,0.50,0.02,0 B,NA
Resizable.Fill+SingleFlush,Job-CNUJVU,False,Default,Default,Default,Default,Default,Default,00000000000000000000000000000000000000000000000000000000000000001111111111111111111111111111111111111111111111111111111111111111,Empty,RyuJit,Default,X64,8c5e7fda-e8bf-4a96-9a85-a6e23a8c635c,.NET 10.0,False,True,False,True,Default,Default,False,False,False,Default,Default,Default,Default,Default,Default,Default,1,Default,Default,Default,Default,Default,Default,Default,Default,Default,1,Default,262144,4096,7.701 μs,0.1015 μs,0.0848 μs,7.691 μs,1.00,0.01,0 B,NA
Linked.Fill+SegmentFlush,Job-CNUJVU,False,Default,Default,Default,Default,Default,Default,00000000000000000000000000000000000000000000000000000000000000001111111111111111111111111111111111111111111111111111111111111111,Empty,RyuJit,Default,X64,8c5e7fda-e8bf-4a96-9a85-a6e23a8c635c,.NET 10.0,False,True,False,True,Default,Default,False,False,False,Default,Default,Default,Default,Default,Default,Default,1,Default,Default,Default,Default,Default,Default,Default,Default,Default,1,Default,262144,4096,11.375 μs,0.2228 μs,0.1861 μs,11.332 μs,1.48,0.03,0 B,NA
Linked.Fill+ToArray+SingleFlush,Job-CNUJVU,False,Default,Default,Default,Default,Default,Default,00000000000000000000000000000000000000000000000000000000000000001111111111111111111111111111111111111111111111111111111111111111,Empty,RyuJit,Default,X64,8c5e7fda-e8bf-4a96-9a85-a6e23a8c635c,.NET 10.0,False,True,False,True,Default,Default,False,False,False,Default,Default,Default,Default,Default,Default,Default,1,Default,Default,Default,Default,Default,Default,Default,Default,Default,1,Default,262144,4096,16.862 μs,0.2596 μs,0.2168 μs,16.793 μs,2.19,0.04,262168 B,NA
Resizable.Fill+SegmentConsume,Job-CNUJVU,False,Default,Default,Default,Default,Default,Default,00000000000000000000000000000000000000000000000000000000000000001111111111111111111111111111111111111111111111111111111111111111,Empty,RyuJit,Default,X64,8c5e7fda-e8bf-4a96-9a85-a6e23a8c635c,.NET 10.0,False,True,False,True,Default,Default,False,False,False,Default,Default,Default,Default,Default,Default,Default,1,Default,Default,Default,Default,Default,Default,Default,Default,Default,1,Default,262144,4096,7.876 μs,0.1694 μs,0.4721 μs,7.875 μs,1.02,0.06,0 B,NA
Linked.Fill+SegmentConsume,Job-CNUJVU,False,Default,Default,Default,Default,Default,Default,00000000000000000000000000000000000000000000000000000000000000001111111111111111111111111111111111111111111111111111111111111111,Empty,RyuJit,Default,X64,8c5e7fda-e8bf-4a96-9a85-a6e23a8c635c,.NET 10.0,False,True,False,True,Default,Default,False,False,False,Default,Default,Default,Default,Default,Default,Default,1,Default,Default,Default,Default,Default,Default,Default,Default,Default,1,Default,262144,4096,11.261 μs,0.2193 μs,0.2252 μs,11.265 μs,1.46,0.03,0 B,NA
Resizable.Fill+SingleFlush,Job-CNUJVU,False,Default,Default,Default,Default,Default,Default,00000000000000000000000000000000000000000000000000000000000000001111111111111111111111111111111111111111111111111111111111111111,Empty,RyuJit,Default,X64,8c5e7fda-e8bf-4a96-9a85-a6e23a8c635c,.NET 10.0,False,True,False,True,Default,Default,False,False,False,Default,Default,Default,Default,Default,Default,Default,1,Default,Default,Default,Default,Default,Default,Default,Default,Default,1,Default,262144,65536,5.682 μs,0.0670 μs,0.0560 μs,5.683 μs,1.00,0.01,0 B,NA
Linked.Fill+SegmentFlush,Job-CNUJVU,False,Default,Default,Default,Default,Default,Default,00000000000000000000000000000000000000000000000000000000000000001111111111111111111111111111111111111111111111111111111111111111,Empty,RyuJit,Default,X64,8c5e7fda-e8bf-4a96-9a85-a6e23a8c635c,.NET 10.0,False,True,False,True,Default,Default,False,False,False,Default,Default,Default,Default,Default,Default,Default,1,Default,Default,Default,Default,Default,Default,Default,Default,Default,1,Default,262144,65536,7.075 μs,0.2048 μs,0.5943 μs,6.964 μs,1.25,0.10,0 B,NA
Linked.Fill+ToArray+SingleFlush,Job-CNUJVU,False,Default,Default,Default,Default,Default,Default,00000000000000000000000000000000000000000000000000000000000000001111111111111111111111111111111111111111111111111111111111111111,Empty,RyuJit,Default,X64,8c5e7fda-e8bf-4a96-9a85-a6e23a8c635c,.NET 10.0,False,True,False,True,Default,Default,False,False,False,Default,Default,Default,Default,Default,Default,Default,1,Default,Default,Default,Default,Default,Default,Default,Default,Default,1,Default,262144,65536,12.047 μs,0.1926 μs,0.1608 μs,12.066 μs,2.12,0.03,262168 B,NA
Resizable.Fill+SegmentConsume,Job-CNUJVU,False,Default,Default,Default,Default,Default,Default,00000000000000000000000000000000000000000000000000000000000000001111111111111111111111111111111111111111111111111111111111111111,Empty,RyuJit,Default,X64,8c5e7fda-e8bf-4a96-9a85-a6e23a8c635c,.NET 10.0,False,True,False,True,Default,Default,False,False,False,Default,Default,Default,Default,Default,Default,Default,1,Default,Default,Default,Default,Default,Default,Default,Default,Default,1,Default,262144,65536,5.336 μs,0.0898 μs,0.0960 μs,5.312 μs,0.94,0.02,0 B,NA
Linked.Fill+SegmentConsume,Job-CNUJVU,False,Default,Default,Default,Default,Default,Default,00000000000000000000000000000000000000000000000000000000000000001111111111111111111111111111111111111111111111111111111111111111,Empty,RyuJit,Default,X64,8c5e7fda-e8bf-4a96-9a85-a6e23a8c635c,.NET 10.0,False,True,False,True,Default,Default,False,False,False,Default,Default,Default,Default,Default,Default,Default,1,Default,Default,Default,Default,Default,Default,Default,Default,Default,1,Default,262144,65536,6.023 μs,0.1163 μs,0.1088 μs,5.999 μs,1.06,0.02,0 B,NA
Resizable.Fill+SingleFlush,Job-CNUJVU,False,Default,Default,Default,Default,Default,Default,00000000000000000000000000000000000000000000000000000000000000001111111111111111111111111111111111111111111111111111111111111111,Empty,RyuJit,Default,X64,8c5e7fda-e8bf-4a96-9a85-a6e23a8c635c,.NET 10.0,False,True,False,True,Default,Default,False,False,False,Default,Default,Default,Default,Default,Default,Default,1,Default,Default,Default,Default,Default,Default,Default,Default,Default,1,Default,1048576,256,174.661 μs,2.8907 μs,2.5625 μs,173.400 μs,1.00,0.02,0 B,NA
Linked.Fill+SegmentFlush,Job-CNUJVU,False,Default,Default,Default,Default,Default,Default,00000000000000000000000000000000000000000000000000000000000000001111111111111111111111111111111111111111111111111111111111111111,Empty,RyuJit,Default,X64,8c5e7fda-e8bf-4a96-9a85-a6e23a8c635c,.NET 10.0,False,True,False,True,Default,Default,False,False,False,Default,Default,Default,Default,Default,Default,Default,1,Default,Default,Default,Default,Default,Default,Default,Default,Default,1,Default,1048576,256,232.597 μs,4.3936 μs,3.6689 μs,231.682 μs,1.33,0.03,0 B,NA
Linked.Fill+ToArray+SingleFlush,Job-CNUJVU,False,Default,Default,Default,Default,Default,Default,00000000000000000000000000000000000000000000000000000000000000001111111111111111111111111111111111111111111111111111111111111111,Empty,RyuJit,Default,X64,8c5e7fda-e8bf-4a96-9a85-a6e23a8c635c,.NET 10.0,False,True,False,True,Default,Default,False,False,False,Default,Default,Default,Default,Default,Default,Default,1,Default,Default,Default,Default,Default,Default,Default,Default,Default,1,Default,1048576,256,473.858 μs,6.6128 μs,5.8621 μs,472.985 μs,2.71,0.05,1048600 B,NA
Resizable.Fill+SegmentConsume,Job-CNUJVU,False,Default,Default,Default,Default,Default,Default,00000000000000000000000000000000000000000000000000000000000000001111111111111111111111111111111111111111111111111111111111111111,Empty,RyuJit,Default,X64,8c5e7fda-e8bf-4a96-9a85-a6e23a8c635c,.NET 10.0,False,True,False,True,Default,Default,False,False,False,Default,Default,Default,Default,Default,Default,Default,1,Default,Default,Default,Default,Default,Default,Default,Default,Default,1,Default,1048576,256,67.116 μs,1.1069 μs,1.6568 μs,66.500 μs,0.38,0.01,0 B,NA
Linked.Fill+SegmentConsume,Job-CNUJVU,False,Default,Default,Default,Default,Default,Default,00000000000000000000000000000000000000000000000000000000000000001111111111111111111111111111111111111111111111111111111111111111,Empty,RyuJit,Default,X64,8c5e7fda-e8bf-4a96-9a85-a6e23a8c635c,.NET 10.0,False,True,False,True,Default,Default,False,False,False,Default,Default,Default,Default,Default,Default,Default,1,Default,Default,Default,Default,Default,Default,Default,Default,Default,1,Default,1048576,256,119.055 μs,0.7022 μs,0.5864 μs,119.111 μs,0.68,0.01,0 B,NA
Resizable.Fill+SingleFlush,Job-CNUJVU,False,Default,Default,Default,Default,Default,Default,00000000000000000000000000000000000000000000000000000000000000001111111111111111111111111111111111111111111111111111111111111111,Empty,RyuJit,Default,X64,8c5e7fda-e8bf-4a96-9a85-a6e23a8c635c,.NET 10.0,False,True,False,True,Default,Default,False,False,False,Default,Default,Default,Default,Default,Default,Default,1,Default,Default,Default,Default,Default,Default,Default,Default,Default,1,Default,1048576,4096,48.205 μs,0.7757 μs,0.6478 μs,48.014 μs,1.00,0.02,0 B,NA
Linked.Fill+SegmentFlush,Job-CNUJVU,False,Default,Default,Default,Default,Default,Default,00000000000000000000000000000000000000000000000000000000000000001111111111111111111111111111111111111111111111111111111111111111,Empty,RyuJit,Default,X64,8c5e7fda-e8bf-4a96-9a85-a6e23a8c635c,.NET 10.0,False,True,False,True,Default,Default,False,False,False,Default,Default,Default,Default,Default,Default,Default,1,Default,Default,Default,Default,Default,Default,Default,Default,Default,1,Default,1048576,4096,67.404 μs,0.5113 μs,0.3992 μs,67.318 μs,1.40,0.02,0 B,NA
Linked.Fill+ToArray+SingleFlush,Job-CNUJVU,False,Default,Default,Default,Default,Default,Default,00000000000000000000000000000000000000000000000000000000000000001111111111111111111111111111111111111111111111111111111111111111,Empty,RyuJit,Default,X64,8c5e7fda-e8bf-4a96-9a85-a6e23a8c635c,.NET 10.0,False,True,False,True,Default,Default,False,False,False,Default,Default,Default,Default,Default,Default,Default,1,Default,Default,Default,Default,Default,Default,Default,Default,Default,1,Default,1048576,4096,305.737 μs,3.3349 μs,2.7848 μs,305.641 μs,6.34,0.10,1048600 B,NA
Resizable.Fill+SegmentConsume,Job-CNUJVU,False,Default,Default,Default,Default,Default,Default,00000000000000000000000000000000000000000000000000000000000000001111111111111111111111111111111111111111111111111111111111111111,Empty,RyuJit,Default,X64,8c5e7fda-e8bf-4a96-9a85-a6e23a8c635c,.NET 10.0,False,True,False,True,Default,Default,False,False,False,Default,Default,Default,Default,Default,Default,Default,1,Default,Default,Default,Default,Default,Default,Default,Default,Default,1,Default,1048576,4096,48.369 μs,0.3494 μs,0.2917 μs,48.279 μs,1.00,0.01,0 B,NA
Linked.Fill+SegmentConsume,Job-CNUJVU,False,Default,Default,Default,Default,Default,Default,00000000000000000000000000000000000000000000000000000000000000001111111111111111111111111111111111111111111111111111111111111111,Empty,RyuJit,Default,X64,8c5e7fda-e8bf-4a96-9a85-a6e23a8c635c,.NET 10.0,False,True,False,True,Default,Default,False,False,False,Default,Default,Default,Default,Default,Default,Default,1,Default,Default,Default,Default,Default,Default,Default,Default,Default,1,Default,1048576,4096,66.622 μs,0.7698 μs,0.6010 μs,66.335 μs,1.38,0.02,0 B,NA
Resizable.Fill+SingleFlush,Job-CNUJVU,False,Default,Default,Default,Default,Default,Default,00000000000000000000000000000000000000000000000000000000000000001111111111111111111111111111111111111111111111111111111111111111,Empty,RyuJit,Default,X64,8c5e7fda-e8bf-4a96-9a85-a6e23a8c635c,.NET 10.0,False,True,False,True,Default,Default,False,False,False,Default,Default,Default,Default,Default,Default,Default,1,Default,Default,Default,Default,Default,Default,Default,Default,Default,1,Default,1048576,65536,46.591 μs,0.3615 μs,0.2823 μs,46.622 μs,1.00,0.01,0 B,NA
Linked.Fill+SegmentFlush,Job-CNUJVU,False,Default,Default,Default,Default,Default,Default,00000000000000000000000000000000000000000000000000000000000000001111111111111111111111111111111111111111111111111111111111111111,Empty,RyuJit,Default,X64,8c5e7fda-e8bf-4a96-9a85-a6e23a8c635c,.NET 10.0,False,True,False,True,Default,Default,False,False,False,Default,Default,Default,Default,Default,Default,Default,1,Default,Default,Default,Default,Default,Default,Default,Default,Default,1,Default,1048576,65536,47.597 μs,0.5638 μs,0.4708 μs,47.432 μs,1.02,0.01,0 B,NA
Linked.Fill+ToArray+SingleFlush,Job-CNUJVU,False,Default,Default,Default,Default,Default,Default,00000000000000000000000000000000000000000000000000000000000000001111111111111111111111111111111111111111111111111111111111111111,Empty,RyuJit,Default,X64,8c5e7fda-e8bf-4a96-9a85-a6e23a8c635c,.NET 10.0,False,True,False,True,Default,Default,False,False,False,Default,Default,Default,Default,Default,Default,Default,1,Default,Default,Default,Default,Default,Default,Default,Default,Default,1,Default,1048576,65536,299.018 μs,3.5098 μs,2.9308 μs,298.308 μs,6.42,0.07,1048600 B,NA
Resizable.Fill+SegmentConsume,Job-CNUJVU,False,Default,Default,Default,Default,Default,Default,00000000000000000000000000000000000000000000000000000000000000001111111111111111111111111111111111111111111111111111111111111111,Empty,RyuJit,Default,X64,8c5e7fda-e8bf-4a96-9a85-a6e23a8c635c,.NET 10.0,False,True,False,True,Default,Default,False,False,False,Default,Default,Default,Default,Default,Default,Default,1,Default,Default,Default,Default,Default,Default,Default,Default,Default,1,Default,1048576,65536,46.891 μs,0.3607 μs,0.3012 μs,46.821 μs,1.01,0.01,0 B,NA
Linked.Fill+SegmentConsume,Job-CNUJVU,False,Default,Default,Default,Default,Default,Default,00000000000000000000000000000000000000000000000000000000000000001111111111111111111111111111111111111111111111111111111111111111,Empty,RyuJit,Default,X64,8c5e7fda-e8bf-4a96-9a85-a6e23a8c635c,.NET 10.0,False,True,False,True,Default,Default,False,False,False,Default,Default,Default,Default,Default,Default,Default,1,Default,Default,Default,Default,Default,Default,Default,Default,Default,1,Default,1048576,65536,47.734 μs,0.4973 μs,0.4153 μs,47.553 μs,1.02,0.01,0 B,NA
Resizable.Fill+SingleFlush,Job-CNUJVU,False,Default,Default,Default,Default,Default,Default,00000000000000000000000000000000000000000000000000000000000000001111111111111111111111111111111111111111111111111111111111111111,Empty,RyuJit,Default,X64,8c5e7fda-e8bf-4a96-9a85-a6e23a8c635c,.NET 10.0,False,True,False,True,Default,Default,False,False,False,Default,Default,Default,Default,Default,Default,Default,1,Default,Default,Default,Default,Default,Default,Default,Default,Default,1,Default,4194304,256,345.991 μs,2.9164 μs,2.7280 μs,344.956 μs,1.00,0.01,0 B,NA
Linked.Fill+SegmentFlush,Job-CNUJVU,False,Default,Default,Default,Default,Default,Default,00000000000000000000000000000000000000000000000000000000000000001111111111111111111111111111111111111111111111111111111111111111,Empty,RyuJit,Default,X64,8c5e7fda-e8bf-4a96-9a85-a6e23a8c635c,.NET 10.0,False,True,False,True,Default,Default,False,False,False,Default,Default,Default,Default,Default,Default,Default,1,Default,Default,Default,Default,Default,Default,Default,Default,Default,1,Default,4194304,256,401.375 μs,3.5517 μs,3.3222 μs,400.442 μs,1.16,0.01,0 B,NA
Linked.Fill+ToArray+SingleFlush,Job-CNUJVU,False,Default,Default,Default,Default,Default,Default,00000000000000000000000000000000000000000000000000000000000000001111111111111111111111111111111111111111111111111111111111111111,Empty,RyuJit,Default,X64,8c5e7fda-e8bf-4a96-9a85-a6e23a8c635c,.NET 10.0,False,True,False,True,Default,Default,False,False,False,Default,Default,Default,Default,Default,Default,Default,1,Default,Default,Default,Default,Default,Default,Default,Default,Default,1,Default,4194304,256,"1,570.703 μs",13.5580 μs,12.6821 μs,"1,567.045 μs",4.54,0.05,4194328 B,NA
Resizable.Fill+SegmentConsume,Job-CNUJVU,False,Default,Default,Default,Default,Default,Default,00000000000000000000000000000000000000000000000000000000000000001111111111111111111111111111111111111111111111111111111111111111,Empty,RyuJit,Default,X64,8c5e7fda-e8bf-4a96-9a85-a6e23a8c635c,.NET 10.0,False,True,False,True,Default,Default,False,False,False,Default,Default,Default,Default,Default,Default,Default,1,Default,Default,Default,Default,Default,Default,Default,Default,Default,1,Default,4194304,256,292.318 μs,5.6963 μs,7.6044 μs,290.317 μs,0.84,0.02,0 B,NA
Linked.Fill+SegmentConsume,Job-CNUJVU,False,Default,Default,Default,Default,Default,Default,00000000000000000000000000000000000000000000000000000000000000001111111111111111111111111111111111111111111111111111111111111111,Empty,RyuJit,Default,X64,8c5e7fda-e8bf-4a96-9a85-a6e23a8c635c,.NET 10.0,False,True,False,True,Default,Default,False,False,False,Default,Default,Default,Default,Default,Default,Default,1,Default,Default,Default,Default,Default,Default,Default,Default,Default,1,Default,4194304,256,397.591 μs,3.3770 μs,3.1589 μs,396.428 μs,1.15,0.01,0 B,NA
Resizable.Fill+SingleFlush,Job-CNUJVU,False,Default,Default,Default,Default,Default,Default,00000000000000000000000000000000000000000000000000000000000000001111111111111111111111111111111111111111111111111111111111111111,Empty,RyuJit,Default,X64,8c5e7fda-e8bf-4a96-9a85-a6e23a8c635c,.NET 10.0,False,True,False,True,Default,Default,False,False,False,Default,Default,Default,Default,Default,Default,Default,1,Default,Default,Default,Default,Default,Default,Default,Default,Default,1,Default,4194304,4096,223.447 μs,2.7350 μs,2.5583 μs,222.274 μs,1.00,0.02,0 B,NA
Linked.Fill+SegmentFlush,Job-CNUJVU,False,Default,Default,Default,Default,Default,Default,00000000000000000000000000000000000000000000000000000000000000001111111111111111111111111111111111111111111111111111111111111111,Empty,RyuJit,Default,X64,8c5e7fda-e8bf-4a96-9a85-a6e23a8c635c,.NET 10.0,False,True,False,True,Default,Default,False,False,False,Default,Default,Default,Default,Default,Default,Default,1,Default,Default,Default,Default,Default,Default,Default,Default,Default,1,Default,4194304,4096,306.867 μs,4.7234 μs,4.1871 μs,306.627 μs,1.37,0.02,0 B,NA
Linked.Fill+ToArray+SingleFlush,Job-CNUJVU,False,Default,Default,Default,Default,Default,Default,00000000000000000000000000000000000000000000000000000000000000001111111111111111111111111111111111111111111111111111111111111111,Empty,RyuJit,Default,X64,8c5e7fda-e8bf-4a96-9a85-a6e23a8c635c,.NET 10.0,False,True,False,True,Default,Default,False,False,False,Default,Default,Default,Default,Default,Default,Default,1,Default,Default,Default,Default,Default,Default,Default,Default,Default,1,Default,4194304,4096,"1,337.515 μs",7.1947 μs,6.3779 μs,"1,335.050 μs",5.99,0.07,4194328 B,NA
Resizable.Fill+SegmentConsume,Job-CNUJVU,False,Default,Default,Default,Default,Default,Default,00000000000000000000000000000000000000000000000000000000000000001111111111111111111111111111111111111111111111111111111111111111,Empty,RyuJit,Default,X64,8c5e7fda-e8bf-4a96-9a85-a6e23a8c635c,.NET 10.0,False,True,False,True,Default,Default,False,False,False,Default,Default,Default,Default,Default,Default,Default,1,Default,Default,Default,Default,Default,Default,Default,Default,Default,1,Default,4194304,4096,228.025 μs,2.9684 μs,2.7766 μs,227.084 μs,1.02,0.02,0 B,NA
Linked.Fill+SegmentConsume,Job-CNUJVU,False,Default,Default,Default,Default,Default,Default,00000000000000000000000000000000000000000000000000000000000000001111111111111111111111111111111111111111111111111111111111111111,Empty,RyuJit,Default,X64,8c5e7fda-e8bf-4a96-9a85-a6e23a8c635c,.NET 10.0,False,True,False,True,Default,Default,False,False,False,Default,Default,Default,Default,Default,Default,Default,1,Default,Default,Default,Default,Default,Default,Default,Default,Default,1,Default,4194304,4096,309.597 μs,3.5716 μs,3.1661 μs,308.977 μs,1.39,0.02,0 B,NA
Resizable.Fill+SingleFlush,Job-CNUJVU,False,Default,Default,Default,Default,Default,Default,00000000000000000000000000000000000000000000000000000000000000001111111111111111111111111111111111111111111111111111111111111111,Empty,RyuJit,Default,X64,8c5e7fda-e8bf-4a96-9a85-a6e23a8c635c,.NET 10.0,False,True,False,True,Default,Default,False,False,False,Default,Default,Default,Default,Default,Default,Default,1,Default,Default,Default,Default,Default,Default,Default,Default,Default,1,Default,4194304,65536,215.581 μs,2.3425 μs,1.8288 μs,216.227 μs,1.00,0.01,0 B,NA
Linked.Fill+SegmentFlush,Job-CNUJVU,False,Default,Default,Default,Default,Default,Default,00000000000000000000000000000000000000000000000000000000000000001111111111111111111111111111111111111111111111111111111111111111,Empty,RyuJit,Default,X64,8c5e7fda-e8bf-4a96-9a85-a6e23a8c635c,.NET 10.0,False,True,False,True,Default,Default,False,False,False,Default,Default,Default,Default,Default,Default,Default,1,Default,Default,Default,Default,Default,Default,Default,Default,Default,1,Default,4194304,65536,217.726 μs,1.8778 μs,1.4661 μs,218.263 μs,1.01,0.01,0 B,NA
Linked.Fill+ToArray+SingleFlush,Job-CNUJVU,False,Default,Default,Default,Default,Default,Default,00000000000000000000000000000000000000000000000000000000000000001111111111111111111111111111111111111111111111111111111111111111,Empty,RyuJit,Default,X64,8c5e7fda-e8bf-4a96-9a85-a6e23a8c635c,.NET 10.0,False,True,False,True,Default,Default,False,False,False,Default,Default,Default,Default,Default,Default,Default,1,Default,Default,Default,Default,Default,Default,Default,Default,Default,1,Default,4194304,65536,"1,273.641 μs",6.1658 μs,5.7675 μs,"1,273.549 μs",5.91,0.06,4194328 B,NA
Resizable.Fill+SegmentConsume,Job-CNUJVU,False,Default,Default,Default,Default,Default,Default,00000000000000000000000000000000000000000000000000000000000000001111111111111111111111111111111111111111111111111111111111111111,Empty,RyuJit,Default,X64,8c5e7fda-e8bf-4a96-9a85-a6e23a8c635c,.NET 10.0,False,True,False,True,Default,Default,False,False,False,Default,Default,Default,Default,Default,Default,Default,1,Default,Default,Default,Default,Default,Default,Default,Default,Default,1,Default,4194304,65536,232.607 μs,3.1664 μs,2.9618 μs,233.530 μs,1.08,0.02,0 B,NA
Linked.Fill+SegmentConsume,Job-CNUJVU,False,Default,Default,Default,Default,Default,Default,00000000000000000000000000000000000000000000000000000000000000001111111111111111111111111111111111111111111111111111111111111111,Empty,RyuJit,Default,X64,8c5e7fda-e8bf-4a96-9a85-a6e23a8c635c,.NET 10.0,False,True,False,True,Default,Default,False,False,False,Default,Default,Default,Default,Default,Default,Default,1,Default,Default,Default,Default,Default,Default,Default,Default,Default,1,Default,4194304,65536,219.871 μs,0.4699 μs,0.3924 μs,219.894 μs,1.02,0.01,0 B,NA
Resizable.Fill+SingleFlush,Job-CNUJVU,False,Default,Default,Default,Default,Default,Default,00000000000000000000000000000000000000000000000000000000000000001111111111111111111111111111111111111111111111111111111111111111,Empty,RyuJit,Default,X64,8c5e7fda-e8bf-4a96-9a85-a6e23a8c635c,.NET 10.0,False,True,False,True,Default,Default,False,False,False,Default,Default,Default,Default,Default,Default,Default,1,Default,Default,Default,Default,Default,Default,Default,Default,Default,1,Default,16777216,256,"1,091.247 μs",2.2886 μs,1.9111 μs,"1,091.081 μs",1.00,0.00,0 B,NA
Linked.Fill+SegmentFlush,Job-CNUJVU,False,Default,Default,Default,Default,Default,Default,00000000000000000000000000000000000000000000000000000000000000001111111111111111111111111111111111111111111111111111111111111111,Empty,RyuJit,Default,X64,8c5e7fda-e8bf-4a96-9a85-a6e23a8c635c,.NET 10.0,False,True,False,True,Default,Default,False,False,False,Default,Default,Default,Default,Default,Default,Default,1,Default,Default,Default,Default,Default,Default,Default,Default,Default,1,Default,16777216,256,"1,189.578 μs",9.7896 μs,9.1572 μs,"1,188.673 μs",1.09,0.01,0 B,NA
Linked.Fill+ToArray+SingleFlush,Job-CNUJVU,False,Default,Default,Default,Default,Default,Default,00000000000000000000000000000000000000000000000000000000000000001111111111111111111111111111111111111111111111111111111111111111,Empty,RyuJit,Default,X64,8c5e7fda-e8bf-4a96-9a85-a6e23a8c635c,.NET 10.0,False,True,False,True,Default,Default,False,False,False,Default,Default,Default,Default,Default,Default,Default,1,Default,Default,Default,Default,Default,Default,Default,Default,Default,1,Default,16777216,256,"2,534.901 μs",118.1830 μs,344.7454 μs,"2,432.497 μs",2.32,0.31,16777240 B,NA
Resizable.Fill+SegmentConsume,Job-CNUJVU,False,Default,Default,Default,Default,Default,Default,00000000000000000000000000000000000000000000000000000000000000001111111111111111111111111111111111111111111111111111111111111111,Empty,RyuJit,Default,X64,8c5e7fda-e8bf-4a96-9a85-a6e23a8c635c,.NET 10.0,False,True,False,True,Default,Default,False,False,False,Default,Default,Default,Default,Default,Default,Default,1,Default,Default,Default,Default,Default,Default,Default,Default,Default,1,Default,16777216,256,"1,037.393 μs",18.4300 μs,18.1008 μs,"1,030.976 μs",0.95,0.02,0 B,NA
Linked.Fill+SegmentConsume,Job-CNUJVU,False,Default,Default,Default,Default,Default,Default,00000000000000000000000000000000000000000000000000000000000000001111111111111111111111111111111111111111111111111111111111111111,Empty,RyuJit,Default,X64,8c5e7fda-e8bf-4a96-9a85-a6e23a8c635c,.NET 10.0,False,True,False,True,Default,Default,False,False,False,Default,Default,Default,Default,Default,Default,Default,1,Default,Default,Default,Default,Default,Default,Default,Default,Default,1,Default,16777216,256,"1,164.334 μs",5.6389 μs,4.9987 μs,"1,163.745 μs",1.07,0.00,0 B,NA
Resizable.Fill+SingleFlush,Job-CNUJVU,False,Default,Default,Default,Default,Default,Default,00000000000000000000000000000000000000000000000000000000000000001111111111111111111111111111111111111111111111111111111111111111,Empty,RyuJit,Default,X64,8c5e7fda-e8bf-4a96-9a85-a6e23a8c635c,.NET 10.0,False,True,False,True,Default,Default,False,False,False,Default,Default,Default,Default,Default,Default,Default,1,Default,Default,Default,Default,Default,Default,Default,Default,Default,1,Default,16777216,4096,966.189 μs,3.5823 μs,3.1756 μs,965.717 μs,1.00,0.00,0 B,NA
Linked.Fill+SegmentFlush,Job-CNUJVU,False,Default,Default,Default,Default,Default,Default,00000000000000000000000000000000000000000000000000000000000000001111111111111111111111111111111111111111111111111111111111111111,Empty,RyuJit,Default,X64,8c5e7fda-e8bf-4a96-9a85-a6e23a8c635c,.NET 10.0,False,True,False,True,Default,Default,False,False,False,Default,Default,Default,Default,Default,Default,Default,1,Default,Default,Default,Default,Default,Default,Default,Default,Default,1,Default,16777216,4096,"1,012.431 μs",1.8868 μs,1.5756 μs,"1,012.108 μs",1.05,0.00,0 B,NA
Linked.Fill+ToArray+SingleFlush,Job-CNUJVU,False,Default,Default,Default,Default,Default,Default,00000000000000000000000000000000000000000000000000000000000000001111111111111111111111111111111111111111111111111111111111111111,Empty,RyuJit,Default,X64,8c5e7fda-e8bf-4a96-9a85-a6e23a8c635c,.NET 10.0,False,True,False,True,Default,Default,False,False,False,Default,Default,Default,Default,Default,Default,Default,1,Default,Default,Default,Default,Default,Default,Default,Default,Default,1,Default,16777216,4096,"2,157.845 μs",30.9942 μs,28.9920 μs,"2,140.566 μs",2.23,0.03,16777240 B,NA
Resizable.Fill+SegmentConsume,Job-CNUJVU,False,Default,Default,Default,Default,Default,Default,00000000000000000000000000000000000000000000000000000000000000001111111111111111111111111111111111111111111111111111111111111111,Empty,RyuJit,Default,X64,8c5e7fda-e8bf-4a96-9a85-a6e23a8c635c,.NET 10.0,False,True,False,True,Default,Default,False,False,False,Default,Default,Default,Default,Default,Default,Default,1,Default,Default,Default,Default,Default,Default,Default,Default,Default,1,Default,16777216,4096,"1,049.679 μs",4.0475 μs,3.5880 μs,"1,049.562 μs",1.09,0.00,0 B,NA
Linked.Fill+SegmentConsume,Job-CNUJVU,False,Default,Default,Default,Default,Default,Default,00000000000000000000000000000000000000000000000000000000000000001111111111111111111111111111111111111111111111111111111111111111,Empty,RyuJit,Default,X64,8c5e7fda-e8bf-4a96-9a85-a6e23a8c635c,.NET 10.0,False,True,False,True,Default,Default,False,False,False,Default,Default,Default,Default,Default,Default,Default,1,Default,Default,Default,Default,Default,Default,Default,Default,Default,1,Default,16777216,4096,"1,005.607 μs",3.0310 μs,2.6869 μs,"1,005.343 μs",1.04,0.00,0 B,NA
Resizable.Fill+SingleFlush,Job-CNUJVU,False,Default,Default,Default,Default,Default,Default,00000000000000000000000000000000000000000000000000000000000000001111111111111111111111111111111111111111111111111111111111111111,Empty,RyuJit,Default,X64,8c5e7fda-e8bf-4a96-9a85-a6e23a8c635c,.NET 10.0,False,True,False,True,Default,Default,False,False,False,Default,Default,Default,Default,Default,Default,Default,1,Default,Default,Default,Default,Default,Default,Default,Default,Default,1,Default,16777216,65536,942.942 μs,2.0136 μs,1.8835 μs,942.756 μs,1.00,0.00,0 B,NA
Linked.Fill+SegmentFlush,Job-CNUJVU,False,Default,Default,Default,Default,Default,Default,00000000000000000000000000000000000000000000000000000000000000001111111111111111111111111111111111111111111111111111111111111111,Empty,RyuJit,Default,X64,8c5e7fda-e8bf-4a96-9a85-a6e23a8c635c,.NET 10.0,False,True,False,True,Default,Default,False,False,False,Default,Default,Default,Default,Default,Default,Default,1,Default,Default,Default,Default,Default,Default,Default,Default,Default,1,Default,16777216,65536,925.603 μs,2.0217 μs,1.7921 μs,925.706 μs,0.98,0.00,0 B,NA
Linked.Fill+ToArray+SingleFlush,Job-CNUJVU,False,Default,Default,Default,Default,Default,Default,00000000000000000000000000000000000000000000000000000000000000001111111111111111111111111111111111111111111111111111111111111111,Empty,RyuJit,Default,X64,8c5e7fda-e8bf-4a96-9a85-a6e23a8c635c,.NET 10.0,False,True,False,True,Default,Default,False,False,False,Default,Default,Default,Default,Default,Default,Default,1,Default,Default,Default,Default,Default,Default,Default,Default,Default,1,Default,16777216,65536,"2,054.619 μs",28.5483 μs,25.3073 μs,"2,069.039 μs",2.18,0.03,16777240 B,NA
Resizable.Fill+SegmentConsume,Job-CNUJVU,False,Default,Default,Default,Default,Default,Default,00000000000000000000000000000000000000000000000000000000000000001111111111111111111111111111111111111111111111111111111111111111,Empty,RyuJit,Default,X64,8c5e7fda-e8bf-4a96-9a85-a6e23a8c635c,.NET 10.0,False,True,False,True,Default,Default,False,False,False,Default,Default,Default,Default,Default,Default,Default,1,Default,Default,Default,Default,Default,Default,Default,Default,Default,1,Default,16777216,65536,954.131 μs,1.5239 μs,1.3509 μs,953.890 μs,1.01,0.00,0 B,NA
Linked.Fill+SegmentConsume,Job-CNUJVU,False,Default,Default,Default,Default,Default,Default,00000000000000000000000000000000000000000000000000000000000000001111111111111111111111111111111111111111111111111111111111111111,Empty,RyuJit,Default,X64,8c5e7fda-e8bf-4a96-9a85-a6e23a8c635c,.NET 10.0,False,True,False,True,Default,Default,False,False,False,Default,Default,Default,Default,Default,Default,Default,1,Default,Default,Default,Default,Default,Default,Default,Default,Default,1,Default,16777216,65536,"1,053.942 μs",1.5064 μs,1.3354 μs,"1,054.059 μs",1.12,0.00,0 B,NA
