Type,Method,Job,AnalyzeLaunchVariance,EvaluateOverhead,MaxAbsoluteError,MaxRelativeError,MinInvokeCount,MinIterationTime,OutlierMode,Affinity,EnvironmentVariables,Jit,LargeAddressAware,Platform,PowerPlanMode,Runtime,AllowVeryLargeObjects,Concurrent,CpuGroups,Force,HeapAffinitizeMask,HeapCount,NoAffinitize,RetainVm,Server,Arguments,BuildConfiguration,Clock,EngineFactory,NuGetReferences,Toolchain,IsMutator,InvocationCount,IterationCount,IterationTime,LaunchCount,MaxIterationCount,MaxWarmupIterationCount,MemoryRandomization,MinIterationCount,MinWarmupIterationCount,RunStrategy,UnrollFactor,WarmupCount,Length,WhitespaceRatio,SeparatorRatio,Size,TotalBytes,ChunkSize,TotalItems,Mean,Error,StdDev,Median,Ratio,RatioSD,Gen0,Gen1,Allocated,Alloc Ratio
TrimmingBench,Old.Trim(memory),DefaultJob,False,Default,Default,Default,Default,Default,Default,00000000000000000000000000000000000000000000000000000000000000001111111111111111111111111111111111111111111111111111111111111111,Empty,RyuJit,Default,X64,8c5e7fda-e8bf-4a96-9a85-a6e23a8c635c,.NET 10.0,False,True,False,True,Default,Default,False,False,False,Default,Default,Default,Default,Default,Default,Default,Default,Default,Default,Default,Default,Default,Default,Default,Default,Default,16,Default,32,0,?,?,?,?,?,3.6452 ns,0.1069 ns,0.2007 ns,3.5879 ns,1.00,0.08,0.0000,0.0000,0 B,NA
TrimmingBench,New.Trim(memory),DefaultJob,False,Default,Default,Default,Default,Default,Default,00000000000000000000000000000000000000000000000000000000000000001111111111111111111111111111111111111111111111111111111111111111,Empty,RyuJit,Default,X64,8c5e7fda-e8bf-4a96-9a85-a6e23a8c635c,.NET 10.0,False,True,False,True,Default,Default,False,False,False,Default,Default,Default,Default,Default,Default,Default,Default,Default,Default,Default,Default,Default,Default,Default,Default,Default,16,Default,32,0,?,?,?,?,?,3.8315 ns,0.1125 ns,0.2195 ns,3.8307 ns,1.05,0.08,0.0000,0.0000,0 B,NA
TrimmingBench,Old.TrimStart(span),DefaultJob,False,Default,Default,Default,Default,Default,Default,00000000000000000000000000000000000000000000000000000000000000001111111111111111111111111111111111111111111111111111111111111111,Empty,RyuJit,Default,X64,8c5e7fda-e8bf-4a96-9a85-a6e23a8c635c,.NET 10.0,False,True,False,True,Default,Default,False,False,False,Default,Default,Default,Default,Default,Default,Default,Default,Default,Default,Default,Default,Default,Default,Default,Default,Default,16,Default,32,0,?,?,?,?,?,0.9760 ns,0.0394 ns,0.0329 ns,0.9626 ns,0.27,0.02,0.0000,0.0000,0 B,NA
TrimmingBench,New.TrimStart(span),DefaultJob,False,Default,Default,Default,Default,Default,Default,00000000000000000000000000000000000000000000000000000000000000001111111111111111111111111111111111111111111111111111111111111111,Empty,RyuJit,Default,X64,8c5e7fda-e8bf-4a96-9a85-a6e23a8c635c,.NET 10.0,False,True,False,True,Default,Default,False,False,False,Default,Default,Default,Default,Default,Default,Default,Default,Default,Default,Default,Default,Default,Default,Default,Default,Default,16,Default,32,0,?,?,?,?,?,1.2253 ns,0.0587 ns,0.0653 ns,1.2143 ns,0.34,0.02,0.0000,0.0000,0 B,NA
TrimmingBench,Old.Trim(memory),DefaultJob,False,Default,Default,Default,Default,Default,Default,00000000000000000000000000000000000000000000000000000000000000001111111111111111111111111111111111111111111111111111111111111111,Empty,RyuJit,Default,X64,8c5e7fda-e8bf-4a96-9a85-a6e23a8c635c,.NET 10.0,False,True,False,True,Default,Default,False,False,False,Default,Default,Default,Default,Default,Default,Default,Default,Default,Default,Default,Default,Default,Default,Default,Default,Default,16,Default,32,0.1,?,?,?,?,?,6.4232 ns,0.1632 ns,0.2392 ns,6.4257 ns,1.00,0.05,0.0000,0.0000,0 B,NA
TrimmingBench,New.Trim(memory),DefaultJob,False,Default,Default,Default,Default,Default,Default,00000000000000000000000000000000000000000000000000000000000000001111111111111111111111111111111111111111111111111111111111111111,Empty,RyuJit,Default,X64,8c5e7fda-e8bf-4a96-9a85-a6e23a8c635c,.NET 10.0,False,True,False,True,Default,Default,False,False,False,Default,Default,Default,Default,Default,Default,Default,Default,Default,Default,Default,Default,Default,Default,Default,Default,Default,16,Default,32,0.1,?,?,?,?,?,3.8642 ns,0.1136 ns,0.2565 ns,3.8529 ns,0.60,0.05,0.0000,0.0000,0 B,NA
TrimmingBench,Old.TrimStart(span),DefaultJob,False,Default,Default,Default,Default,Default,Default,00000000000000000000000000000000000000000000000000000000000000001111111111111111111111111111111111111111111111111111111111111111,Empty,RyuJit,Default,X64,8c5e7fda-e8bf-4a96-9a85-a6e23a8c635c,.NET 10.0,False,True,False,True,Default,Default,False,False,False,Default,Default,Default,Default,Default,Default,Default,Default,Default,Default,Default,Default,Default,Default,Default,Default,Default,16,Default,32,0.1,?,?,?,?,?,2.6033 ns,0.0893 ns,0.2606 ns,2.5895 ns,0.41,0.04,0.0000,0.0000,0 B,NA
TrimmingBench,New.TrimStart(span),DefaultJob,False,Default,Default,Default,Default,Default,Default,00000000000000000000000000000000000000000000000000000000000000001111111111111111111111111111111111111111111111111111111111111111,Empty,RyuJit,Default,X64,8c5e7fda-e8bf-4a96-9a85-a6e23a8c635c,.NET 10.0,False,True,False,True,Default,Default,False,False,False,Default,Default,Default,Default,Default,Default,Default,Default,Default,Default,Default,Default,Default,Default,Default,Default,Default,16,Default,32,0.1,?,?,?,?,?,1.3943 ns,0.0662 ns,0.1919 ns,1.3935 ns,0.22,0.03,0.0000,0.0000,0 B,NA
TrimmingBench,Old.Trim(memory),DefaultJob,False,Default,Default,Default,Default,Default,Default,00000000000000000000000000000000000000000000000000000000000000001111111111111111111111111111111111111111111111111111111111111111,Empty,RyuJit,Default,X64,8c5e7fda-e8bf-4a96-9a85-a6e23a8c635c,.NET 10.0,False,True,False,True,Default,Default,False,False,False,Default,Default,Default,Default,Default,Default,Default,Default,Default,Default,Default,Default,Default,Default,Default,Default,Default,16,Default,32,0.5,?,?,?,?,?,23.6892 ns,0.5057 ns,1.4098 ns,23.6081 ns,1.00,0.08,0.0000,0.0000,0 B,NA
TrimmingBench,New.Trim(memory),DefaultJob,False,Default,Default,Default,Default,Default,Default,00000000000000000000000000000000000000000000000000000000000000001111111111111111111111111111111111111111111111111111111111111111,Empty,RyuJit,Default,X64,8c5e7fda-e8bf-4a96-9a85-a6e23a8c635c,.NET 10.0,False,True,False,True,Default,Default,False,False,False,Default,Default,Default,Default,Default,Default,Default,Default,Default,Default,Default,Default,Default,Default,Default,Default,Default,16,Default,32,0.5,?,?,?,?,?,3.8226 ns,0.1164 ns,0.3085 ns,3.8358 ns,0.16,0.02,0.0000,0.0000,0 B,NA
TrimmingBench,Old.TrimStart(span),DefaultJob,False,Default,Default,Default,Default,Default,Default,00000000000000000000000000000000000000000000000000000000000000001111111111111111111111111111111111111111111111111111111111111111,Empty,RyuJit,Default,X64,8c5e7fda-e8bf-4a96-9a85-a6e23a8c635c,.NET 10.0,False,True,False,True,Default,Default,False,False,False,Default,Default,Default,Default,Default,Default,Default,Default,Default,Default,Default,Default,Default,Default,Default,Default,Default,16,Default,32,0.5,?,?,?,?,?,7.8869 ns,0.1941 ns,0.5114 ns,7.8345 ns,0.33,0.03,0.0000,0.0000,0 B,NA
TrimmingBench,New.TrimStart(span),DefaultJob,False,Default,Default,Default,Default,Default,Default,00000000000000000000000000000000000000000000000000000000000000001111111111111111111111111111111111111111111111111111111111111111,Empty,RyuJit,Default,X64,8c5e7fda-e8bf-4a96-9a85-a6e23a8c635c,.NET 10.0,False,True,False,True,Default,Default,False,False,False,Default,Default,Default,Default,Default,Default,Default,Default,Default,Default,Default,Default,Default,Default,Default,Default,Default,16,Default,32,0.5,?,?,?,?,?,1.4358 ns,0.0709 ns,0.2068 ns,1.4057 ns,0.06,0.01,0.0000,0.0000,0 B,NA
SpanSplitEnumeratorBench,SpanSplitEnumerator<char>,DefaultJob,False,Default,Default,Default,Default,Default,Default,00000000000000000000000000000000000000000000000000000000000000001111111111111111111111111111111111111111111111111111111111111111,Empty,RyuJit,Default,X64,8c5e7fda-e8bf-4a96-9a85-a6e23a8c635c,.NET 10.0,False,True,False,True,Default,Default,False,False,False,Default,Default,Default,Default,Default,Default,Default,Default,Default,Default,Default,Default,Default,Default,Default,Default,Default,16,Default,128,?,0.05,?,?,?,?,66.7173 ns,1.3412 ns,2.2409 ns,65.3213 ns,1.00,0.05,0.0000,0.0000,0 B,NA
SpanSplitEnumeratorBench,"'string.Split(',')'",DefaultJob,False,Default,Default,Default,Default,Default,Default,00000000000000000000000000000000000000000000000000000000000000001111111111111111111111111111111111111111111111111111111111111111,Empty,RyuJit,Default,X64,8c5e7fda-e8bf-4a96-9a85-a6e23a8c635c,.NET 10.0,False,True,False,True,Default,Default,False,False,False,Default,Default,Default,Default,Default,Default,Default,Default,Default,Default,Default,Default,Default,Default,Default,Default,Default,16,Default,128,?,0.05,?,?,?,?,102.9749 ns,2.0775 ns,3.7987 ns,102.1819 ns,1.55,0.08,0.0184,0.0000,576 B,NA
SpanSplitEnumeratorBench,'Manual IndexOf Loop',DefaultJob,False,Default,Default,Default,Default,Default,Default,00000000000000000000000000000000000000000000000000000000000000001111111111111111111111111111111111111111111111111111111111111111,Empty,RyuJit,Default,X64,8c5e7fda-e8bf-4a96-9a85-a6e23a8c635c,.NET 10.0,False,True,False,True,Default,Default,False,False,False,Default,Default,Default,Default,Default,Default,Default,Default,Default,Default,Default,Default,Default,Default,Default,Default,Default,16,Default,128,?,0.05,?,?,?,?,65.4269 ns,1.3418 ns,3.5814 ns,65.0410 ns,0.98,0.06,0.0000,0.0000,0 B,NA
SpanSplitEnumeratorBench,SpanSplitEnumerator<char>,DefaultJob,False,Default,Default,Default,Default,Default,Default,00000000000000000000000000000000000000000000000000000000000000001111111111111111111111111111111111111111111111111111111111111111,Empty,RyuJit,Default,X64,8c5e7fda-e8bf-4a96-9a85-a6e23a8c635c,.NET 10.0,False,True,False,True,Default,Default,False,False,False,Default,Default,Default,Default,Default,Default,Default,Default,Default,Default,Default,Default,Default,Default,Default,Default,Default,16,Default,128,?,0.2,?,?,?,?,315.2455 ns,6.3420 ns,13.0973 ns,311.9011 ns,1.00,0.06,0.0000,0.0000,0 B,NA
SpanSplitEnumeratorBench,"'string.Split(',')'",DefaultJob,False,Default,Default,Default,Default,Default,Default,00000000000000000000000000000000000000000000000000000000000000001111111111111111111111111111111111111111111111111111111111111111,Empty,RyuJit,Default,X64,8c5e7fda-e8bf-4a96-9a85-a6e23a8c635c,.NET 10.0,False,True,False,True,Default,Default,False,False,False,Default,Default,Default,Default,Default,Default,Default,Default,Default,Default,Default,Default,Default,Default,Default,Default,Default,16,Default,128,?,0.2,?,?,?,?,274.7075 ns,5.5139 ns,12.2184 ns,266.7974 ns,0.87,0.05,0.0353,0.0000,1112 B,NA
SpanSplitEnumeratorBench,'Manual IndexOf Loop',DefaultJob,False,Default,Default,Default,Default,Default,Default,00000000000000000000000000000000000000000000000000000000000000001111111111111111111111111111111111111111111111111111111111111111,Empty,RyuJit,Default,X64,8c5e7fda-e8bf-4a96-9a85-a6e23a8c635c,.NET 10.0,False,True,False,True,Default,Default,False,False,False,Default,Default,Default,Default,Default,Default,Default,Default,Default,Default,Default,Default,Default,Default,Default,Default,Default,16,Default,128,?,0.2,?,?,?,?,329.3099 ns,6.8029 ns,19.8443 ns,326.3079 ns,1.05,0.08,0.0000,0.0000,0 B,NA
TrimmingBench,Old.Trim(memory),DefaultJob,False,Default,Default,Default,Default,Default,Default,00000000000000000000000000000000000000000000000000000000000000001111111111111111111111111111111111111111111111111111111111111111,Empty,RyuJit,Default,X64,8c5e7fda-e8bf-4a96-9a85-a6e23a8c635c,.NET 10.0,False,True,False,True,Default,Default,False,False,False,Default,Default,Default,Default,Default,Default,Default,Default,Default,Default,Default,Default,Default,Default,Default,Default,Default,16,Default,256,0,?,?,?,?,?,3.8852 ns,0.1396 ns,0.4071 ns,3.8027 ns,1.01,0.15,0.0000,0.0000,0 B,NA
TrimmingBench,New.Trim(memory),DefaultJob,False,Default,Default,Default,Default,Default,Default,00000000000000000000000000000000000000000000000000000000000000001111111111111111111111111111111111111111111111111111111111111111,Empty,RyuJit,Default,X64,8c5e7fda-e8bf-4a96-9a85-a6e23a8c635c,.NET 10.0,False,True,False,True,Default,Default,False,False,False,Default,Default,Default,Default,Default,Default,Default,Default,Default,Default,Default,Default,Default,Default,Default,Default,Default,16,Default,256,0,?,?,?,?,?,2.9466 ns,0.0953 ns,0.2373 ns,2.9232 ns,0.77,0.10,0.0000,0.0000,0 B,NA
TrimmingBench,Old.TrimStart(span),DefaultJob,False,Default,Default,Default,Default,Default,Default,00000000000000000000000000000000000000000000000000000000000000001111111111111111111111111111111111111111111111111111111111111111,Empty,RyuJit,Default,X64,8c5e7fda-e8bf-4a96-9a85-a6e23a8c635c,.NET 10.0,False,True,False,True,Default,Default,False,False,False,Default,Default,Default,Default,Default,Default,Default,Default,Default,Default,Default,Default,Default,Default,Default,Default,Default,16,Default,256,0,?,?,?,?,?,1.0239 ns,0.0587 ns,0.1484 ns,1.0056 ns,0.27,0.05,0.0000,0.0000,0 B,NA
TrimmingBench,New.TrimStart(span),DefaultJob,False,Default,Default,Default,Default,Default,Default,00000000000000000000000000000000000000000000000000000000000000001111111111111111111111111111111111111111111111111111111111111111,Empty,RyuJit,Default,X64,8c5e7fda-e8bf-4a96-9a85-a6e23a8c635c,.NET 10.0,False,True,False,True,Default,Default,False,False,False,Default,Default,Default,Default,Default,Default,Default,Default,Default,Default,Default,Default,Default,Default,Default,Default,Default,16,Default,256,0,?,?,?,?,?,0.9845 ns,0.0594 ns,0.1705 ns,0.9614 ns,0.26,0.05,0.0000,0.0000,0 B,NA
TrimmingBench,Old.Trim(memory),DefaultJob,False,Default,Default,Default,Default,Default,Default,00000000000000000000000000000000000000000000000000000000000000001111111111111111111111111111111111111111111111111111111111111111,Empty,RyuJit,Default,X64,8c5e7fda-e8bf-4a96-9a85-a6e23a8c635c,.NET 10.0,False,True,False,True,Default,Default,False,False,False,Default,Default,Default,Default,Default,Default,Default,Default,Default,Default,Default,Default,Default,Default,Default,Default,Default,16,Default,256,0.1,?,?,?,?,?,42.7645 ns,1.1404 ns,3.3624 ns,42.4801 ns,1.01,0.11,0.0000,0.0000,0 B,NA
TrimmingBench,New.Trim(memory),DefaultJob,False,Default,Default,Default,Default,Default,Default,00000000000000000000000000000000000000000000000000000000000000001111111111111111111111111111111111111111111111111111111111111111,Empty,RyuJit,Default,X64,8c5e7fda-e8bf-4a96-9a85-a6e23a8c635c,.NET 10.0,False,True,False,True,Default,Default,False,False,False,Default,Default,Default,Default,Default,Default,Default,Default,Default,Default,Default,Default,Default,Default,Default,Default,Default,16,Default,256,0.1,?,?,?,?,?,3.2073 ns,0.1420 ns,0.4121 ns,3.2106 ns,0.08,0.01,0.0000,0.0000,0 B,NA
TrimmingBench,Old.TrimStart(span),DefaultJob,False,Default,Default,Default,Default,Default,Default,00000000000000000000000000000000000000000000000000000000000000001111111111111111111111111111111111111111111111111111111111111111,Empty,RyuJit,Default,X64,8c5e7fda-e8bf-4a96-9a85-a6e23a8c635c,.NET 10.0,False,True,False,True,Default,Default,False,False,False,Default,Default,Default,Default,Default,Default,Default,Default,Default,Default,Default,Default,Default,Default,Default,Default,Default,16,Default,256,0.1,?,?,?,?,?,10.3299 ns,0.4770 ns,1.4064 ns,9.9991 ns,0.24,0.04,0.0000,0.0000,0 B,NA
TrimmingBench,New.TrimStart(span),DefaultJob,False,Default,Default,Default,Default,Default,Default,00000000000000000000000000000000000000000000000000000000000000001111111111111111111111111111111111111111111111111111111111111111,Empty,RyuJit,Default,X64,8c5e7fda-e8bf-4a96-9a85-a6e23a8c635c,.NET 10.0,False,True,False,True,Default,Default,False,False,False,Default,Default,Default,Default,Default,Default,Default,Default,Default,Default,Default,Default,Default,Default,Default,Default,Default,16,Default,256,0.1,?,?,?,?,?,0.8483 ns,0.0588 ns,0.1723 ns,0.8271 ns,0.02,0.00,0.0000,0.0000,0 B,NA
TrimmingBench,Old.Trim(memory),DefaultJob,False,Default,Default,Default,Default,Default,Default,00000000000000000000000000000000000000000000000000000000000000001111111111111111111111111111111111111111111111111111111111111111,Empty,RyuJit,Default,X64,8c5e7fda-e8bf-4a96-9a85-a6e23a8c635c,.NET 10.0,False,True,False,True,Default,Default,False,False,False,Default,Default,Default,Default,Default,Default,Default,Default,Default,Default,Default,Default,Default,Default,Default,Default,Default,16,Default,256,0.5,?,?,?,?,?,184.4970 ns,3.7266 ns,9.0002 ns,184.0649 ns,1.00,0.07,0.0000,0.0000,0 B,NA
TrimmingBench,New.Trim(memory),DefaultJob,False,Default,Default,Default,Default,Default,Default,00000000000000000000000000000000000000000000000000000000000000001111111111111111111111111111111111111111111111111111111111111111,Empty,RyuJit,Default,X64,8c5e7fda-e8bf-4a96-9a85-a6e23a8c635c,.NET 10.0,False,True,False,True,Default,Default,False,False,False,Default,Default,Default,Default,Default,Default,Default,Default,Default,Default,Default,Default,Default,Default,Default,Default,Default,16,Default,256,0.5,?,?,?,?,?,5.1220 ns,0.1382 ns,0.3231 ns,5.1129 ns,0.03,0.00,0.0000,0.0000,0 B,NA
TrimmingBench,Old.TrimStart(span),DefaultJob,False,Default,Default,Default,Default,Default,Default,00000000000000000000000000000000000000000000000000000000000000001111111111111111111111111111111111111111111111111111111111111111,Empty,RyuJit,Default,X64,8c5e7fda-e8bf-4a96-9a85-a6e23a8c635c,.NET 10.0,False,True,False,True,Default,Default,False,False,False,Default,Default,Default,Default,Default,Default,Default,Default,Default,Default,Default,Default,Default,Default,Default,Default,Default,16,Default,256,0.5,?,?,?,?,?,43.7320 ns,1.0452 ns,3.0653 ns,42.9908 ns,0.24,0.02,0.0000,0.0000,0 B,NA
TrimmingBench,New.TrimStart(span),DefaultJob,False,Default,Default,Default,Default,Default,Default,00000000000000000000000000000000000000000000000000000000000000001111111111111111111111111111111111111111111111111111111111111111,Empty,RyuJit,Default,X64,8c5e7fda-e8bf-4a96-9a85-a6e23a8c635c,.NET 10.0,False,True,False,True,Default,Default,False,False,False,Default,Default,Default,Default,Default,Default,Default,Default,Default,Default,Default,Default,Default,Default,Default,Default,Default,16,Default,256,0.5,?,?,?,?,?,1.8704 ns,0.0767 ns,0.2073 ns,1.8471 ns,0.01,0.00,0.0000,0.0000,0 B,NA
ResizableByteWriterBench,'Old.Write(byte[])',Job-CNUJVU,False,Default,Default,Default,Default,Default,Default,00000000000000000000000000000000000000000000000000000000000000001111111111111111111111111111111111111111111111111111111111111111,Empty,RyuJit,Default,X64,8c5e7fda-e8bf-4a96-9a85-a6e23a8c635c,.NET 10.0,False,True,False,True,Default,Default,False,False,False,Default,Default,Default,Default,Default,Default,Default,1,Default,Default,Default,Default,Default,Default,Default,Default,Default,1,Default,?,?,?,256,?,?,?,65.3469 ns,4.3783 ns,12.7717 ns,65.0000 ns,1.04,0.28,0.0000,0.0000,0 B,NA
ResizableSpanWriterBench,'Old.Write(T[])',Job-CNUJVU,False,Default,Default,Default,Default,Default,Default,00000000000000000000000000000000000000000000000000000000000000001111111111111111111111111111111111111111111111111111111111111111,Empty,RyuJit,Default,X64,8c5e7fda-e8bf-4a96-9a85-a6e23a8c635c,.NET 10.0,False,True,False,True,Default,Default,False,False,False,Default,Default,Default,Default,Default,Default,Default,1,Default,Default,Default,Default,Default,Default,Default,Default,Default,1,Default,?,?,?,256,?,?,?,63.6154 ns,1.7312 ns,1.4456 ns,63.0000 ns,1.01,0.19,0.0000,0.0000,0 B,NA
ResizableByteWriterBench,'New.Write(byte[])',Job-CNUJVU,False,Default,Default,Default,Default,Default,Default,00000000000000000000000000000000000000000000000000000000000000001111111111111111111111111111111111111111111111111111111111111111,Empty,RyuJit,Default,X64,8c5e7fda-e8bf-4a96-9a85-a6e23a8c635c,.NET 10.0,False,True,False,True,Default,Default,False,False,False,Default,Default,Default,Default,Default,Default,Default,1,Default,Default,Default,Default,Default,Default,Default,Default,Default,1,Default,?,?,?,256,?,?,?,51.4124 ns,3.9322 ns,11.4079 ns,54.0000 ns,0.82,0.24,0.0000,0.0000,0 B,NA
ResizableSpanWriterBench,'New.Write(T[])',Job-CNUJVU,False,Default,Default,Default,Default,Default,Default,00000000000000000000000000000000000000000000000000000000000000001111111111111111111111111111111111111111111111111111111111111111,Empty,RyuJit,Default,X64,8c5e7fda-e8bf-4a96-9a85-a6e23a8c635c,.NET 10.0,False,True,False,True,Default,Default,False,False,False,Default,Default,Default,Default,Default,Default,Default,1,Default,Default,Default,Default,Default,Default,Default,Default,Default,1,Default,?,?,?,256,?,?,?,56.9787 ns,2.4841 ns,7.0874 ns,56.5000 ns,0.90,0.21,0.0000,0.0000,0 B,NA
ResizableByteWriterBench,Old.WriteSpanAdvance,Job-CNUJVU,False,Default,Default,Default,Default,Default,Default,00000000000000000000000000000000000000000000000000000000000000001111111111111111111111111111111111111111111111111111111111111111,Empty,RyuJit,Default,X64,8c5e7fda-e8bf-4a96-9a85-a6e23a8c635c,.NET 10.0,False,True,False,True,Default,Default,False,False,False,Default,Default,Default,Default,Default,Default,Default,1,Default,Default,Default,Default,Default,Default,Default,Default,Default,1,Default,?,?,?,256,?,?,?,53.1667 ns,2.8940 ns,8.2097 ns,50.5000 ns,0.84,0.21,0.0000,0.0000,0 B,NA
ResizableSpanWriterBench,Old.WriteSpanAdvance,Job-CNUJVU,False,Default,Default,Default,Default,Default,Default,00000000000000000000000000000000000000000000000000000000000000001111111111111111111111111111111111111111111111111111111111111111,Empty,RyuJit,Default,X64,8c5e7fda-e8bf-4a96-9a85-a6e23a8c635c,.NET 10.0,False,True,False,True,Default,Default,False,False,False,Default,Default,Default,Default,Default,Default,Default,1,Default,Default,Default,Default,Default,Default,Default,Default,Default,1,Default,?,?,?,256,?,?,?,62.1613 ns,1.6226 ns,2.4779 ns,62.0000 ns,0.99,0.19,0.0000,0.0000,0 B,NA
ResizableByteWriterBench,New.WriteSpanAdvance,Job-CNUJVU,False,Default,Default,Default,Default,Default,Default,00000000000000000000000000000000000000000000000000000000000000001111111111111111111111111111111111111111111111111111111111111111,Empty,RyuJit,Default,X64,8c5e7fda-e8bf-4a96-9a85-a6e23a8c635c,.NET 10.0,False,True,False,True,Default,Default,False,False,False,Default,Default,Default,Default,Default,Default,Default,1,Default,Default,Default,Default,Default,Default,Default,Default,Default,1,Default,?,?,?,256,?,?,?,63.6979 ns,3.1027 ns,8.9521 ns,64.5000 ns,1.01,0.24,0.0000,0.0000,0 B,NA
ResizableSpanWriterBench,New.WriteSpanAdvance,Job-CNUJVU,False,Default,Default,Default,Default,Default,Default,00000000000000000000000000000000000000000000000000000000000000001111111111111111111111111111111111111111111111111111111111111111,Empty,RyuJit,Default,X64,8c5e7fda-e8bf-4a96-9a85-a6e23a8c635c,.NET 10.0,False,True,False,True,Default,Default,False,False,False,Default,Default,Default,Default,Default,Default,Default,1,Default,Default,Default,Default,Default,Default,Default,Default,Default,1,Default,?,?,?,256,?,?,?,62.9247 ns,1.7642 ns,5.0049 ns,61.0000 ns,1.00,0.21,0.0000,0.0000,0 B,NA
ResizableByteWriterBench,Old.ResetReuse,Job-CNUJVU,False,Default,Default,Default,Default,Default,Default,00000000000000000000000000000000000000000000000000000000000000001111111111111111111111111111111111111111111111111111111111111111,Empty,RyuJit,Default,X64,8c5e7fda-e8bf-4a96-9a85-a6e23a8c635c,.NET 10.0,False,True,False,True,Default,Default,False,False,False,Default,Default,Default,Default,Default,Default,Default,1,Default,Default,Default,Default,Default,Default,Default,Default,Default,1,Default,?,?,?,256,?,?,?,86.9891 ns,3.8612 ns,10.8906 ns,84.0000 ns,1.38,0.31,0.0000,0.0000,0 B,NA
ResizableSpanWriterBench,Old.ResetReuse,Job-CNUJVU,False,Default,Default,Default,Default,Default,Default,00000000000000000000000000000000000000000000000000000000000000001111111111111111111111111111111111111111111111111111111111111111,Empty,RyuJit,Default,X64,8c5e7fda-e8bf-4a96-9a85-a6e23a8c635c,.NET 10.0,False,True,False,True,Default,Default,False,False,False,Default,Default,Default,Default,Default,Default,Default,1,Default,Default,Default,Default,Default,Default,Default,Default,Default,1,Default,?,?,?,256,?,?,?,143.4600 ns,29.0084 ns,85.5320 ns,88.5000 ns,2.28,1.44,0.0000,0.0000,0 B,NA
ResizableByteWriterBench,New.ResetReuse,Job-CNUJVU,False,Default,Default,Default,Default,Default,Default,00000000000000000000000000000000000000000000000000000000000000001111111111111111111111111111111111111111111111111111111111111111,Empty,RyuJit,Default,X64,8c5e7fda-e8bf-4a96-9a85-a6e23a8c635c,.NET 10.0,False,True,False,True,Default,Default,False,False,False,Default,Default,Default,Default,Default,Default,Default,1,Default,Default,Default,Default,Default,Default,Default,Default,Default,1,Default,?,?,?,256,?,?,?,82.7115 ns,2.3239 ns,4.7993 ns,82.0000 ns,1.31,0.26,0.0000,0.0000,0 B,NA
ResizableSpanWriterBench,New.ResetReuse,Job-CNUJVU,False,Default,Default,Default,Default,Default,Default,00000000000000000000000000000000000000000000000000000000000000001111111111111111111111111111111111111111111111111111111111111111,Empty,RyuJit,Default,X64,8c5e7fda-e8bf-4a96-9a85-a6e23a8c635c,.NET 10.0,False,True,False,True,Default,Default,False,False,False,Default,Default,Default,Default,Default,Default,Default,1,Default,Default,Default,Default,Default,Default,Default,Default,Default,1,Default,?,?,?,256,?,?,?,76.7403 ns,2.0186 ns,5.1743 ns,76.0000 ns,1.22,0.24,0.0000,0.0000,0 B,NA
ResizableSpanWriterBench,Old.WriteSingles,Job-CNUJVU,False,Default,Default,Default,Default,Default,Default,00000000000000000000000000000000000000000000000000000000000000001111111111111111111111111111111111111111111111111111111111111111,Empty,RyuJit,Default,X64,8c5e7fda-e8bf-4a96-9a85-a6e23a8c635c,.NET 10.0,False,True,False,True,Default,Default,False,False,False,Default,Default,Default,Default,Default,Default,Default,1,Default,Default,Default,Default,Default,Default,Default,Default,Default,1,Default,?,?,?,256,?,?,?,"2,574.0769 ns",17.4465 ns,14.5686 ns,"2,570.0000 ns",40.86,7.73,0.0000,0.0000,0 B,NA
ResizableSpanWriterBench,New.WriteSingles,Job-CNUJVU,False,Default,Default,Default,Default,Default,Default,00000000000000000000000000000000000000000000000000000000000000001111111111111111111111111111111111111111111111111111111111111111,Empty,RyuJit,Default,X64,8c5e7fda-e8bf-4a96-9a85-a6e23a8c635c,.NET 10.0,False,True,False,True,Default,Default,False,False,False,Default,Default,Default,Default,Default,Default,Default,1,Default,Default,Default,Default,Default,Default,Default,Default,Default,1,Default,?,?,?,256,?,?,?,"2,852.8462 ns",29.7175 ns,24.8155 ns,"2,849.0000 ns",45.29,8.58,0.0000,0.0000,0 B,NA
WhitespaceSplitBench,OriginalEnumerator,DefaultJob,False,Default,Default,Default,Default,Default,Default,00000000000000000000000000000000000000000000000000000000000000001111111111111111111111111111111111111111111111111111111111111111,Empty,RyuJit,Default,X64,8c5e7fda-e8bf-4a96-9a85-a6e23a8c635c,.NET 10.0,False,True,False,True,Default,Default,False,False,False,Default,Default,Default,Default,Default,Default,Default,Default,Default,Default,Default,Default,Default,Default,Default,Default,Default,16,Default,1000,0.1,?,?,?,?,?,526.2838 ns,5.0700 ns,3.9584 ns,525.1598 ns,1.00,0.01,0.0000,0.0000,0 B,NA
WhitespaceSplitBench,OptimizedEnumerator,DefaultJob,False,Default,Default,Default,Default,Default,Default,00000000000000000000000000000000000000000000000000000000000000001111111111111111111111111111111111111111111111111111111111111111,Empty,RyuJit,Default,X64,8c5e7fda-e8bf-4a96-9a85-a6e23a8c635c,.NET 10.0,False,True,False,True,Default,Default,False,False,False,Default,Default,Default,Default,Default,Default,Default,Default,Default,Default,Default,Default,Default,Default,Default,Default,Default,16,Default,1000,0.1,?,?,?,?,?,520.3415 ns,10.4424 ns,21.0942 ns,522.7219 ns,0.99,0.04,0.0000,0.0000,0 B,NA
SpanSplitEnumeratorBench,SpanSplitEnumerator<char>,DefaultJob,False,Default,Default,Default,Default,Default,Default,00000000000000000000000000000000000000000000000000000000000000001111111111111111111111111111111111111111111111111111111111111111,Empty,RyuJit,Default,X64,8c5e7fda-e8bf-4a96-9a85-a6e23a8c635c,.NET 10.0,False,True,False,True,Default,Default,False,False,False,Default,Default,Default,Default,Default,Default,Default,Default,Default,Default,Default,Default,Default,Default,Default,Default,Default,16,Default,1024,?,0.05,?,?,?,?,348.7031 ns,6.9613 ns,13.7409 ns,346.4820 ns,1.00,0.05,0.0000,0.0000,0 B,NA
SpanSplitEnumeratorBench,"'string.Split(',')'",DefaultJob,False,Default,Default,Default,Default,Default,Default,00000000000000000000000000000000000000000000000000000000000000001111111111111111111111111111111111111111111111111111111111111111,Empty,RyuJit,Default,X64,8c5e7fda-e8bf-4a96-9a85-a6e23a8c635c,.NET 10.0,False,True,False,True,Default,Default,False,False,False,Default,Default,Default,Default,Default,Default,Default,Default,Default,Default,Default,Default,Default,Default,Default,Default,Default,16,Default,1024,?,0.05,?,?,?,?,458.8420 ns,9.2219 ns,21.7370 ns,449.5599 ns,1.32,0.08,0.1030,0.0010,3248 B,NA
SpanSplitEnumeratorBench,'Manual IndexOf Loop',DefaultJob,False,Default,Default,Default,Default,Default,Default,00000000000000000000000000000000000000000000000000000000000000001111111111111111111111111111111111111111111111111111111111111111,Empty,RyuJit,Default,X64,8c5e7fda-e8bf-4a96-9a85-a6e23a8c635c,.NET 10.0,False,True,False,True,Default,Default,False,False,False,Default,Default,Default,Default,Default,Default,Default,Default,Default,Default,Default,Default,Default,Default,Default,Default,Default,16,Default,1024,?,0.05,?,?,?,?,359.9141 ns,7.1733 ns,12.9349 ns,359.7361 ns,1.03,0.05,0.0000,0.0000,0 B,NA
SpanSplitEnumeratorBench,SpanSplitEnumerator<char>,DefaultJob,False,Default,Default,Default,Default,Default,Default,00000000000000000000000000000000000000000000000000000000000000001111111111111111111111111111111111111111111111111111111111111111,Empty,RyuJit,Default,X64,8c5e7fda-e8bf-4a96-9a85-a6e23a8c635c,.NET 10.0,False,True,False,True,Default,Default,False,False,False,Default,Default,Default,Default,Default,Default,Default,Default,Default,Default,Default,Default,Default,Default,Default,Default,Default,16,Default,1024,?,0.2,?,?,?,?,"2,136.0087 ns",47.4382 ns,138.3796 ns,"2,103.4999 ns",1.00,0.09,0.0000,0.0000,0 B,NA
SpanSplitEnumeratorBench,"'string.Split(',')'",DefaultJob,False,Default,Default,Default,Default,Default,Default,00000000000000000000000000000000000000000000000000000000000000001111111111111111111111111111111111111111111111111111111111111111,Empty,RyuJit,Default,X64,8c5e7fda-e8bf-4a96-9a85-a6e23a8c635c,.NET 10.0,False,True,False,True,Default,Default,False,False,False,Default,Default,Default,Default,Default,Default,Default,Default,Default,Default,Default,Default,Default,Default,Default,Default,Default,16,Default,1024,?,0.2,?,?,?,?,"1,750.6616 ns",36.4078 ns,105.6257 ns,"1,736.6617 ns",0.82,0.07,0.2365,0.0057,7440 B,NA
SpanSplitEnumeratorBench,'Manual IndexOf Loop',DefaultJob,False,Default,Default,Default,Default,Default,Default,00000000000000000000000000000000000000000000000000000000000000001111111111111111111111111111111111111111111111111111111111111111,Empty,RyuJit,Default,X64,8c5e7fda-e8bf-4a96-9a85-a6e23a8c635c,.NET 10.0,False,True,False,True,Default,Default,False,False,False,Default,Default,Default,Default,Default,Default,Default,Default,Default,Default,Default,Default,Default,Default,Default,Default,Default,16,Default,1024,?,0.2,?,?,?,?,"2,128.5695 ns",46.8012 ns,136.5212 ns,"2,114.6616 ns",1.00,0.09,0.0000,0.0000,0 B,NA
TrimmingBench,Old.Trim(memory),DefaultJob,False,Default,Default,Default,Default,Default,Default,00000000000000000000000000000000000000000000000000000000000000001111111111111111111111111111111111111111111111111111111111111111,Empty,RyuJit,Default,X64,8c5e7fda-e8bf-4a96-9a85-a6e23a8c635c,.NET 10.0,False,True,False,True,Default,Default,False,False,False,Default,Default,Default,Default,Default,Default,Default,Default,Default,Default,Default,Default,Default,Default,Default,Default,Default,16,Default,4096,0,?,?,?,?,?,4.0500 ns,0.1301 ns,0.3835 ns,4.0116 ns,1.01,0.13,0.0000,0.0000,0 B,NA
TrimmingBench,New.Trim(memory),DefaultJob,False,Default,Default,Default,Default,Default,Default,00000000000000000000000000000000000000000000000000000000000000001111111111111111111111111111111111111111111111111111111111111111,Empty,RyuJit,Default,X64,8c5e7fda-e8bf-4a96-9a85-a6e23a8c635c,.NET 10.0,False,True,False,True,Default,Default,False,False,False,Default,Default,Default,Default,Default,Default,Default,Default,Default,Default,Default,Default,Default,Default,Default,Default,Default,16,Default,4096,0,?,?,?,?,?,2.9777 ns,0.1341 ns,0.3953 ns,2.9243 ns,0.74,0.12,0.0000,0.0000,0 B,NA
TrimmingBench,Old.TrimStart(span),DefaultJob,False,Default,Default,Default,Default,Default,Default,00000000000000000000000000000000000000000000000000000000000000001111111111111111111111111111111111111111111111111111111111111111,Empty,RyuJit,Default,X64,8c5e7fda-e8bf-4a96-9a85-a6e23a8c635c,.NET 10.0,False,True,False,True,Default,Default,False,False,False,Default,Default,Default,Default,Default,Default,Default,Default,Default,Default,Default,Default,Default,Default,Default,Default,Default,16,Default,4096,0,?,?,?,?,?,1.0871 ns,0.0724 ns,0.2123 ns,1.0230 ns,0.27,0.06,0.0000,0.0000,0 B,NA
TrimmingBench,New.TrimStart(span),DefaultJob,False,Default,Default,Default,Default,Default,Default,00000000000000000000000000000000000000000000000000000000000000001111111111111111111111111111111111111111111111111111111111111111,Empty,RyuJit,Default,X64,8c5e7fda-e8bf-4a96-9a85-a6e23a8c635c,.NET 10.0,False,True,False,True,Default,Default,False,False,False,Default,Default,Default,Default,Default,Default,Default,Default,Default,Default,Default,Default,Default,Default,Default,Default,Default,16,Default,4096,0,?,?,?,?,?,0.9532 ns,0.0583 ns,0.1525 ns,0.9360 ns,0.24,0.04,0.0000,0.0000,0 B,NA
TrimmingBench,Old.Trim(memory),DefaultJob,False,Default,Default,Default,Default,Default,Default,00000000000000000000000000000000000000000000000000000000000000001111111111111111111111111111111111111111111111111111111111111111,Empty,RyuJit,Default,X64,8c5e7fda-e8bf-4a96-9a85-a6e23a8c635c,.NET 10.0,False,True,False,True,Default,Default,False,False,False,Default,Default,Default,Default,Default,Default,Default,Default,Default,Default,Default,Default,Default,Default,Default,Default,Default,16,Default,4096,0.1,?,?,?,?,?,585.4439 ns,11.7245 ns,32.6834 ns,580.5043 ns,1.003,0.08,0.0000,0.0000,0 B,NA
TrimmingBench,New.Trim(memory),DefaultJob,False,Default,Default,Default,Default,Default,Default,00000000000000000000000000000000000000000000000000000000000000001111111111111111111111111111111111111111111111111111111111111111,Empty,RyuJit,Default,X64,8c5e7fda-e8bf-4a96-9a85-a6e23a8c635c,.NET 10.0,False,True,False,True,Default,Default,False,False,False,Default,Default,Default,Default,Default,Default,Default,Default,Default,Default,Default,Default,Default,Default,Default,Default,Default,16,Default,4096,0.1,?,?,?,?,?,9.4445 ns,0.2245 ns,0.5835 ns,9.2907 ns,0.016,0.00,0.0000,0.0000,0 B,NA
TrimmingBench,Old.TrimStart(span),DefaultJob,False,Default,Default,Default,Default,Default,Default,00000000000000000000000000000000000000000000000000000000000000001111111111111111111111111111111111111111111111111111111111111111,Empty,RyuJit,Default,X64,8c5e7fda-e8bf-4a96-9a85-a6e23a8c635c,.NET 10.0,False,True,False,True,Default,Default,False,False,False,Default,Default,Default,Default,Default,Default,Default,Default,Default,Default,Default,Default,Default,Default,Default,Default,Default,16,Default,4096,0.1,?,?,?,?,?,136.1580 ns,2.7411 ns,6.7239 ns,135.6224 ns,0.233,0.02,0.0000,0.0000,0 B,NA
TrimmingBench,New.TrimStart(span),DefaultJob,False,Default,Default,Default,Default,Default,Default,00000000000000000000000000000000000000000000000000000000000000001111111111111111111111111111111111111111111111111111111111111111,Empty,RyuJit,Default,X64,8c5e7fda-e8bf-4a96-9a85-a6e23a8c635c,.NET 10.0,False,True,False,True,Default,Default,False,False,False,Default,Default,Default,Default,Default,Default,Default,Default,Default,Default,Default,Default,Default,Default,Default,Default,Default,16,Default,4096,0.1,?,?,?,?,?,4.2383 ns,0.1209 ns,0.2602 ns,4.1719 ns,0.007,0.00,0.0000,0.0000,0 B,NA
TrimmingBench,Old.Trim(memory),DefaultJob,False,Default,Default,Default,Default,Default,Default,00000000000000000000000000000000000000000000000000000000000000001111111111111111111111111111111111111111111111111111111111111111,Empty,RyuJit,Default,X64,8c5e7fda-e8bf-4a96-9a85-a6e23a8c635c,.NET 10.0,False,True,False,True,Default,Default,False,False,False,Default,Default,Default,Default,Default,Default,Default,Default,Default,Default,Default,Default,Default,Default,Default,Default,Default,16,Default,4096,0.5,?,?,?,?,?,"2,656.5953 ns",29.9943 ns,23.4175 ns,"2,649.8864 ns",1.000,0.01,0.0000,0.0000,0 B,NA
TrimmingBench,New.Trim(memory),DefaultJob,False,Default,Default,Default,Default,Default,Default,00000000000000000000000000000000000000000000000000000000000000001111111111111111111111111111111111111111111111111111111111111111,Empty,RyuJit,Default,X64,8c5e7fda-e8bf-4a96-9a85-a6e23a8c635c,.NET 10.0,False,True,False,True,Default,Default,False,False,False,Default,Default,Default,Default,Default,Default,Default,Default,Default,Default,Default,Default,Default,Default,Default,Default,Default,16,Default,4096,0.5,?,?,?,?,?,36.7241 ns,0.8074 ns,2.3678 ns,36.6263 ns,0.014,0.00,0.0000,0.0000,0 B,NA
TrimmingBench,Old.TrimStart(span),DefaultJob,False,Default,Default,Default,Default,Default,Default,00000000000000000000000000000000000000000000000000000000000000001111111111111111111111111111111111111111111111111111111111111111,Empty,RyuJit,Default,X64,8c5e7fda-e8bf-4a96-9a85-a6e23a8c635c,.NET 10.0,False,True,False,True,Default,Default,False,False,False,Default,Default,Default,Default,Default,Default,Default,Default,Default,Default,Default,Default,Default,Default,Default,Default,Default,16,Default,4096,0.5,?,?,?,?,?,811.3676 ns,16.2458 ns,38.2932 ns,802.6866 ns,0.305,0.01,0.0000,0.0000,0 B,NA
TrimmingBench,New.TrimStart(span),DefaultJob,False,Default,Default,Default,Default,Default,Default,00000000000000000000000000000000000000000000000000000000000000001111111111111111111111111111111111111111111111111111111111111111,Empty,RyuJit,Default,X64,8c5e7fda-e8bf-4a96-9a85-a6e23a8c635c,.NET 10.0,False,True,False,True,Default,Default,False,False,False,Default,Default,Default,Default,Default,Default,Default,Default,Default,Default,Default,Default,Default,Default,Default,Default,Default,16,Default,4096,0.5,?,?,?,?,?,17.3142 ns,0.3767 ns,0.7435 ns,16.7628 ns,0.007,0.00,0.0000,0.0000,0 B,NA
ResizableByteWriterBench,'Old.Write(byte[])',Job-CNUJVU,False,Default,Default,Default,Default,Default,Default,00000000000000000000000000000000000000000000000000000000000000001111111111111111111111111111111111111111111111111111111111111111,Empty,RyuJit,Default,X64,8c5e7fda-e8bf-4a96-9a85-a6e23a8c635c,.NET 10.0,False,True,False,True,Default,Default,False,False,False,Default,Default,Default,Default,Default,Default,Default,1,Default,Default,Default,Default,Default,Default,Default,Default,Default,1,Default,?,?,?,4096,?,?,?,152.9175 ns,3.9463 ns,11.4489 ns,151.0000 ns,1.01,0.11,0.0000,0.0000,0 B,NA
ResizableSpanWriterBench,'Old.Write(T[])',Job-CNUJVU,False,Default,Default,Default,Default,Default,Default,00000000000000000000000000000000000000000000000000000000000000001111111111111111111111111111111111111111111111111111111111111111,Empty,RyuJit,Default,X64,8c5e7fda-e8bf-4a96-9a85-a6e23a8c635c,.NET 10.0,False,True,False,True,Default,Default,False,False,False,Default,Default,Default,Default,Default,Default,Default,1,Default,Default,Default,Default,Default,Default,Default,Default,Default,1,Default,?,?,?,4096,?,?,?,338.2462 ns,6.9524 ns,16.2510 ns,340.0000 ns,2.22,0.20,0.0000,0.0000,0 B,NA
ResizableByteWriterBench,'New.Write(byte[])',Job-CNUJVU,False,Default,Default,Default,Default,Default,Default,00000000000000000000000000000000000000000000000000000000000000001111111111111111111111111111111111111111111111111111111111111111,Empty,RyuJit,Default,X64,8c5e7fda-e8bf-4a96-9a85-a6e23a8c635c,.NET 10.0,False,True,False,True,Default,Default,False,False,False,Default,Default,Default,Default,Default,Default,Default,1,Default,Default,Default,Default,Default,Default,Default,Default,Default,1,Default,?,?,?,4096,?,?,?,136.1701 ns,3.9654 ns,11.5043 ns,138.5000 ns,0.90,0.10,0.0000,0.0000,0 B,NA
ResizableSpanWriterBench,'New.Write(T[])',Job-CNUJVU,False,Default,Default,Default,Default,Default,Default,00000000000000000000000000000000000000000000000000000000000000001111111111111111111111111111111111111111111111111111111111111111,Empty,RyuJit,Default,X64,8c5e7fda-e8bf-4a96-9a85-a6e23a8c635c,.NET 10.0,False,True,False,True,Default,Default,False,False,False,Default,Default,Default,Default,Default,Default,Default,1,Default,Default,Default,Default,Default,Default,Default,Default,Default,1,Default,?,?,?,4096,?,?,?,302.5000 ns,6.3312 ns,5.6125 ns,302.0000 ns,1.99,0.15,0.0000,0.0000,0 B,NA
ResizableByteWriterBench,Old.WriteSpanAdvance,Job-CNUJVU,False,Default,Default,Default,Default,Default,Default,00000000000000000000000000000000000000000000000000000000000000001111111111111111111111111111111111111111111111111111111111111111,Empty,RyuJit,Default,X64,8c5e7fda-e8bf-4a96-9a85-a6e23a8c635c,.NET 10.0,False,True,False,True,Default,Default,False,False,False,Default,Default,Default,Default,Default,Default,Default,1,Default,Default,Default,Default,Default,Default,Default,Default,Default,1,Default,?,?,?,4096,?,?,?,142.1383 ns,4.4215 ns,12.6147 ns,146.0000 ns,0.93,0.11,0.0000,0.0000,0 B,NA
ResizableSpanWriterBench,Old.WriteSpanAdvance,Job-CNUJVU,False,Default,Default,Default,Default,Default,Default,00000000000000000000000000000000000000000000000000000000000000001111111111111111111111111111111111111111111111111111111111111111,Empty,RyuJit,Default,X64,8c5e7fda-e8bf-4a96-9a85-a6e23a8c635c,.NET 10.0,False,True,False,True,Default,Default,False,False,False,Default,Default,Default,Default,Default,Default,Default,1,Default,Default,Default,Default,Default,Default,Default,Default,Default,1,Default,?,?,?,4096,?,?,?,336.2857 ns,6.7165 ns,5.9540 ns,334.0000 ns,2.21,0.17,0.0000,0.0000,0 B,NA
ResizableByteWriterBench,New.WriteSpanAdvance,Job-CNUJVU,False,Default,Default,Default,Default,Default,Default,00000000000000000000000000000000000000000000000000000000000000001111111111111111111111111111111111111111111111111111111111111111,Empty,RyuJit,Default,X64,8c5e7fda-e8bf-4a96-9a85-a6e23a8c635c,.NET 10.0,False,True,False,True,Default,Default,False,False,False,Default,Default,Default,Default,Default,Default,Default,1,Default,Default,Default,Default,Default,Default,Default,Default,Default,1,Default,?,?,?,4096,?,?,?,179.5104 ns,5.3965 ns,15.5702 ns,180.0000 ns,1.18,0.13,0.0000,0.0000,0 B,NA
ResizableSpanWriterBench,New.WriteSpanAdvance,Job-CNUJVU,False,Default,Default,Default,Default,Default,Default,00000000000000000000000000000000000000000000000000000000000000001111111111111111111111111111111111111111111111111111111111111111,Empty,RyuJit,Default,X64,8c5e7fda-e8bf-4a96-9a85-a6e23a8c635c,.NET 10.0,False,True,False,True,Default,Default,False,False,False,Default,Default,Default,Default,Default,Default,Default,1,Default,Default,Default,Default,Default,Default,Default,Default,Default,1,Default,?,?,?,4096,?,?,?,332.6538 ns,7.1612 ns,18.4854 ns,333.5000 ns,2.19,0.20,0.0000,0.0000,0 B,NA
ResizableByteWriterBench,Old.ResetReuse,Job-CNUJVU,False,Default,Default,Default,Default,Default,Default,00000000000000000000000000000000000000000000000000000000000000001111111111111111111111111111111111111111111111111111111111111111,Empty,RyuJit,Default,X64,8c5e7fda-e8bf-4a96-9a85-a6e23a8c635c,.NET 10.0,False,True,False,True,Default,Default,False,False,False,Default,Default,Default,Default,Default,Default,Default,1,Default,Default,Default,Default,Default,Default,Default,Default,Default,1,Default,?,?,?,4096,?,?,?,212.2708 ns,12.1238 ns,34.9798 ns,205.0000 ns,1.40,0.25,0.0000,0.0000,0 B,NA
ResizableSpanWriterBench,Old.ResetReuse,Job-CNUJVU,False,Default,Default,Default,Default,Default,Default,00000000000000000000000000000000000000000000000000000000000000001111111111111111111111111111111111111111111111111111111111111111,Empty,RyuJit,Default,X64,8c5e7fda-e8bf-4a96-9a85-a6e23a8c635c,.NET 10.0,False,True,False,True,Default,Default,False,False,False,Default,Default,Default,Default,Default,Default,Default,1,Default,Default,Default,Default,Default,Default,Default,Default,Default,1,Default,?,?,?,4096,?,?,?,432.5493 ns,9.0832 ns,22.2812 ns,432.0000 ns,2.84,0.26,0.0000,0.0000,0 B,NA
ResizableByteWriterBench,New.ResetReuse,Job-CNUJVU,False,Default,Default,Default,Default,Default,Default,00000000000000000000000000000000000000000000000000000000000000001111111111111111111111111111111111111111111111111111111111111111,Empty,RyuJit,Default,X64,8c5e7fda-e8bf-4a96-9a85-a6e23a8c635c,.NET 10.0,False,True,False,True,Default,Default,False,False,False,Default,Default,Default,Default,Default,Default,Default,1,Default,Default,Default,Default,Default,Default,Default,Default,Default,1,Default,?,?,?,4096,?,?,?,225.5306 ns,8.8025 ns,25.6774 ns,228.5000 ns,1.48,0.20,0.0000,0.0000,0 B,NA
ResizableSpanWriterBench,New.ResetReuse,Job-CNUJVU,False,Default,Default,Default,Default,Default,Default,00000000000000000000000000000000000000000000000000000000000000001111111111111111111111111111111111111111111111111111111111111111,Empty,RyuJit,Default,X64,8c5e7fda-e8bf-4a96-9a85-a6e23a8c635c,.NET 10.0,False,True,False,True,Default,Default,False,False,False,Default,Default,Default,Default,Default,Default,Default,1,Default,Default,Default,Default,Default,Default,Default,Default,Default,1,Default,?,?,?,4096,?,?,?,477.8469 ns,15.2322 ns,44.4330 ns,466.0000 ns,3.14,0.37,0.0000,0.0000,0 B,NA
ResizableSpanWriterBench,Old.WriteSingles,Job-CNUJVU,False,Default,Default,Default,Default,Default,Default,00000000000000000000000000000000000000000000000000000000000000001111111111111111111111111111111111111111111111111111111111111111,Empty,RyuJit,Default,X64,8c5e7fda-e8bf-4a96-9a85-a6e23a8c635c,.NET 10.0,False,True,False,True,Default,Default,False,False,False,Default,Default,Default,Default,Default,Default,Default,1,Default,Default,Default,Default,Default,Default,Default,Default,Default,1,Default,?,?,?,4096,?,?,?,"14,700.6598 ns",442.4106 ns,"1,283.5136 ns","14,491.0000 ns",96.66,11.03,0.0000,0.0000,0 B,NA
ResizableSpanWriterBench,New.WriteSingles,Job-CNUJVU,False,Default,Default,Default,Default,Default,Default,00000000000000000000000000000000000000000000000000000000000000001111111111111111111111111111111111111111111111111111111111111111,Empty,RyuJit,Default,X64,8c5e7fda-e8bf-4a96-9a85-a6e23a8c635c,.NET 10.0,False,True,False,True,Default,Default,False,False,False,Default,Default,Default,Default,Default,Default,Default,1,Default,Default,Default,Default,Default,Default,Default,Default,Default,1,Default,?,?,?,4096,?,?,?,"15,523.8030 ns",415.1196 ns,"1,217.4740 ns","15,220.5000 ns",102.07,10.98,0.0000,0.0000,0 B,NA
ResizableByteWriterStreamingBench,Old.Write(chunked),Job-CNUJVU,False,Default,Default,Default,Default,Default,Default,00000000000000000000000000000000000000000000000000000000000000001111111111111111111111111111111111111111111111111111111111111111,Empty,RyuJit,Default,X64,8c5e7fda-e8bf-4a96-9a85-a6e23a8c635c,.NET 10.0,False,True,False,True,Default,Default,False,False,False,Default,Default,Default,Default,Default,Default,Default,1,Default,Default,Default,Default,Default,Default,Default,Default,Default,1,Default,?,?,?,?,4096,16,?,"6,879.4286 ns",113.5552 ns,100.6637 ns,"6,865.0000 ns",1.00,0.02,0.0000,0.0000,0 B,NA
ResizableByteWriterStreamingBench,New.Write(chunked),Job-CNUJVU,False,Default,Default,Default,Default,Default,Default,00000000000000000000000000000000000000000000000000000000000000001111111111111111111111111111111111111111111111111111111111111111,Empty,RyuJit,Default,X64,8c5e7fda-e8bf-4a96-9a85-a6e23a8c635c,.NET 10.0,False,True,False,True,Default,Default,False,False,False,Default,Default,Default,Default,Default,Default,Default,1,Default,Default,Default,Default,Default,Default,Default,Default,Default,1,Default,?,?,?,?,4096,16,?,"6,778.6429 ns",134.8669 ns,119.5560 ns,"6,769.5000 ns",0.99,0.02,0.0000,0.0000,0 B,NA
ResizableByteWriterStreamingBench,Old.GetSpan+Advance(chunked),Job-CNUJVU,False,Default,Default,Default,Default,Default,Default,00000000000000000000000000000000000000000000000000000000000000001111111111111111111111111111111111111111111111111111111111111111,Empty,RyuJit,Default,X64,8c5e7fda-e8bf-4a96-9a85-a6e23a8c635c,.NET 10.0,False,True,False,True,Default,Default,False,False,False,Default,Default,Default,Default,Default,Default,Default,1,Default,Default,Default,Default,Default,Default,Default,Default,Default,1,Default,?,?,?,?,4096,16,?,"8,321.3571 ns",45.3835 ns,40.2313 ns,"8,315.0000 ns",1.21,0.02,0.0000,0.0000,0 B,NA
ResizableByteWriterStreamingBench,New.GetSpan+Advance(chunked),Job-CNUJVU,False,Default,Default,Default,Default,Default,Default,00000000000000000000000000000000000000000000000000000000000000001111111111111111111111111111111111111111111111111111111111111111,Empty,RyuJit,Default,X64,8c5e7fda-e8bf-4a96-9a85-a6e23a8c635c,.NET 10.0,False,True,False,True,Default,Default,False,False,False,Default,Default,Default,Default,Default,Default,Default,1,Default,Default,Default,Default,Default,Default,Default,Default,Default,1,Default,?,?,?,?,4096,16,?,"8,526.2143 ns",34.4559 ns,30.5442 ns,"8,521.5000 ns",1.24,0.02,0.0000,0.0000,0 B,NA
ResizableSpanWriterStreamingBench,Old.Write(chunked),Job-CNUJVU,False,Default,Default,Default,Default,Default,Default,00000000000000000000000000000000000000000000000000000000000000001111111111111111111111111111111111111111111111111111111111111111,Empty,RyuJit,Default,X64,8c5e7fda-e8bf-4a96-9a85-a6e23a8c635c,.NET 10.0,False,True,False,True,Default,Default,False,False,False,Default,Default,Default,Default,Default,Default,Default,1,Default,Default,Default,Default,Default,Default,Default,Default,Default,1,Default,?,?,?,?,?,16,4096,"4,308.7692 ns",72.0520 ns,60.1666 ns,"4,295.0000 ns",1.00,0.02,0.0000,0.0000,0 B,NA
ResizableSpanWriterStreamingBench,New.Write(chunked),Job-CNUJVU,False,Default,Default,Default,Default,Default,Default,00000000000000000000000000000000000000000000000000000000000000001111111111111111111111111111111111111111111111111111111111111111,Empty,RyuJit,Default,X64,8c5e7fda-e8bf-4a96-9a85-a6e23a8c635c,.NET 10.0,False,True,False,True,Default,Default,False,False,False,Default,Default,Default,Default,Default,Default,Default,1,Default,Default,Default,Default,Default,Default,Default,Default,Default,1,Default,?,?,?,?,?,16,4096,"4,528.5385 ns",66.9260 ns,55.8862 ns,"4,538.0000 ns",1.05,0.02,0.0000,0.0000,0 B,NA
ResizableSpanWriterStreamingBench,Old.GetSpan+Advance(chunked),Job-CNUJVU,False,Default,Default,Default,Default,Default,Default,00000000000000000000000000000000000000000000000000000000000000001111111111111111111111111111111111111111111111111111111111111111,Empty,RyuJit,Default,X64,8c5e7fda-e8bf-4a96-9a85-a6e23a8c635c,.NET 10.0,False,True,False,True,Default,Default,False,False,False,Default,Default,Default,Default,Default,Default,Default,1,Default,Default,Default,Default,Default,Default,Default,Default,Default,1,Default,?,?,?,?,?,16,4096,"7,750.2857 ns",114.7774 ns,101.7472 ns,"7,758.5000 ns",1.80,0.03,0.0000,0.0000,0 B,NA
ResizableSpanWriterStreamingBench,New.GetSpan+Advance(chunked),Job-CNUJVU,False,Default,Default,Default,Default,Default,Default,00000000000000000000000000000000000000000000000000000000000000001111111111111111111111111111111111111111111111111111111111111111,Empty,RyuJit,Default,X64,8c5e7fda-e8bf-4a96-9a85-a6e23a8c635c,.NET 10.0,False,True,False,True,Default,Default,False,False,False,Default,Default,Default,Default,Default,Default,Default,1,Default,Default,Default,Default,Default,Default,Default,Default,Default,1,Default,?,?,?,?,?,16,4096,"8,178.8846 ns",88.6065 ns,73.9905 ns,"8,171.5000 ns",1.90,0.03,0.0000,0.0000,0 B,NA
ResizableByteWriterStreamingBench,Old.Write(chunked),Job-CNUJVU,False,Default,Default,Default,Default,Default,Default,00000000000000000000000000000000000000000000000000000000000000001111111111111111111111111111111111111111111111111111111111111111,Empty,RyuJit,Default,X64,8c5e7fda-e8bf-4a96-9a85-a6e23a8c635c,.NET 10.0,False,True,False,True,Default,Default,False,False,False,Default,Default,Default,Default,Default,Default,Default,1,Default,Default,Default,Default,Default,Default,Default,Default,Default,1,Default,?,?,?,?,4096,256,?,597.7326 ns,12.3926 ns,33.7150 ns,590.0000 ns,1.00,0.08,0.0000,0.0000,0 B,NA
ResizableByteWriterStreamingBench,New.Write(chunked),Job-CNUJVU,False,Default,Default,Default,Default,Default,Default,00000000000000000000000000000000000000000000000000000000000000001111111111111111111111111111111111111111111111111111111111111111,Empty,RyuJit,Default,X64,8c5e7fda-e8bf-4a96-9a85-a6e23a8c635c,.NET 10.0,False,True,False,True,Default,Default,False,False,False,Default,Default,Default,Default,Default,Default,Default,1,Default,Default,Default,Default,Default,Default,Default,Default,Default,1,Default,?,?,?,?,4096,256,?,611.8711 ns,24.7638 ns,71.8444 ns,592.5000 ns,1.03,0.13,0.0000,0.0000,0 B,NA
ResizableByteWriterStreamingBench,Old.GetSpan+Advance(chunked),Job-CNUJVU,False,Default,Default,Default,Default,Default,Default,00000000000000000000000000000000000000000000000000000000000000001111111111111111111111111111111111111111111111111111111111111111,Empty,RyuJit,Default,X64,8c5e7fda-e8bf-4a96-9a85-a6e23a8c635c,.NET 10.0,False,True,False,True,Default,Default,False,False,False,Default,Default,Default,Default,Default,Default,Default,1,Default,Default,Default,Default,Default,Default,Default,Default,Default,1,Default,?,?,?,?,4096,256,?,720.6481 ns,15.0579 ns,21.1091 ns,722.5000 ns,1.21,0.07,0.0000,0.0000,0 B,NA
ResizableByteWriterStreamingBench,New.GetSpan+Advance(chunked),Job-CNUJVU,False,Default,Default,Default,Default,Default,Default,00000000000000000000000000000000000000000000000000000000000000001111111111111111111111111111111111111111111111111111111111111111,Empty,RyuJit,Default,X64,8c5e7fda-e8bf-4a96-9a85-a6e23a8c635c,.NET 10.0,False,True,False,True,Default,Default,False,False,False,Default,Default,Default,Default,Default,Default,Default,1,Default,Default,Default,Default,Default,Default,Default,Default,Default,1,Default,?,?,?,?,4096,256,?,745.0000 ns,10.2397 ns,11.7921 ns,744.0000 ns,1.25,0.07,0.0000,0.0000,0 B,NA
ResizableSpanWriterStreamingBench,Old.Write(chunked),Job-CNUJVU,False,Default,Default,Default,Default,Default,Default,00000000000000000000000000000000000000000000000000000000000000001111111111111111111111111111111111111111111111111111111111111111,Empty,RyuJit,Default,X64,8c5e7fda-e8bf-4a96-9a85-a6e23a8c635c,.NET 10.0,False,True,False,True,Default,Default,False,False,False,Default,Default,Default,Default,Default,Default,Default,1,Default,Default,Default,Default,Default,Default,Default,Default,Default,1,Default,?,?,?,?,?,256,4096,651.0246 ns,13.4876 ns,30.4437 ns,642.5000 ns,1.00,0.06,0.0000,0.0000,0 B,NA
ResizableSpanWriterStreamingBench,New.Write(chunked),Job-CNUJVU,False,Default,Default,Default,Default,Default,Default,00000000000000000000000000000000000000000000000000000000000000001111111111111111111111111111111111111111111111111111111111111111,Empty,RyuJit,Default,X64,8c5e7fda-e8bf-4a96-9a85-a6e23a8c635c,.NET 10.0,False,True,False,True,Default,Default,False,False,False,Default,Default,Default,Default,Default,Default,Default,1,Default,Default,Default,Default,Default,Default,Default,Default,Default,1,Default,?,?,?,?,?,256,4096,662.6429 ns,13.7289 ns,27.4181 ns,659.5000 ns,1.02,0.06,0.0000,0.0000,0 B,NA
ResizableSpanWriterStreamingBench,Old.GetSpan+Advance(chunked),Job-CNUJVU,False,Default,Default,Default,Default,Default,Default,00000000000000000000000000000000000000000000000000000000000000001111111111111111111111111111111111111111111111111111111111111111,Empty,RyuJit,Default,X64,8c5e7fda-e8bf-4a96-9a85-a6e23a8c635c,.NET 10.0,False,True,False,True,Default,Default,False,False,False,Default,Default,Default,Default,Default,Default,Default,1,Default,Default,Default,Default,Default,Default,Default,Default,Default,1,Default,?,?,?,?,?,256,4096,"1,020.9286 ns",17.4224 ns,15.4445 ns,"1,020.5000 ns",1.57,0.07,0.0000,0.0000,0 B,NA
ResizableSpanWriterStreamingBench,New.GetSpan+Advance(chunked),Job-CNUJVU,False,Default,Default,Default,Default,Default,Default,00000000000000000000000000000000000000000000000000000000000000001111111111111111111111111111111111111111111111111111111111111111,Empty,RyuJit,Default,X64,8c5e7fda-e8bf-4a96-9a85-a6e23a8c635c,.NET 10.0,False,True,False,True,Default,Default,False,False,False,Default,Default,Default,Default,Default,Default,Default,1,Default,Default,Default,Default,Default,Default,Default,Default,Default,1,Default,?,?,?,?,?,256,4096,"1,027.5526 ns",20.2039 ns,34.8508 ns,"1,019.5000 ns",1.58,0.09,0.0000,0.0000,0 B,NA
ResizableByteWriterStreamingBench,Old.Write(chunked),Job-CNUJVU,False,Default,Default,Default,Default,Default,Default,00000000000000000000000000000000000000000000000000000000000000001111111111111111111111111111111111111111111111111111111111111111,Empty,RyuJit,Default,X64,8c5e7fda-e8bf-4a96-9a85-a6e23a8c635c,.NET 10.0,False,True,False,True,Default,Default,False,False,False,Default,Default,Default,Default,Default,Default,Default,1,Default,Default,Default,Default,Default,Default,Default,Default,Default,1,Default,?,?,?,?,4096,4096,?,183.8469 ns,5.9292 ns,17.2957 ns,182.0000 ns,1.01,0.13,0.0000,0.0000,0 B,NA
ResizableByteWriterStreamingBench,New.Write(chunked),Job-CNUJVU,False,Default,Default,Default,Default,Default,Default,00000000000000000000000000000000000000000000000000000000000000001111111111111111111111111111111111111111111111111111111111111111,Empty,RyuJit,Default,X64,8c5e7fda-e8bf-4a96-9a85-a6e23a8c635c,.NET 10.0,False,True,False,True,Default,Default,False,False,False,Default,Default,Default,Default,Default,Default,Default,1,Default,Default,Default,Default,Default,Default,Default,Default,Default,1,Default,?,?,?,?,4096,4096,?,173.8854 ns,4.7303 ns,13.6481 ns,173.0000 ns,0.95,0.12,0.0000,0.0000,0 B,NA
ResizableByteWriterStreamingBench,Old.GetSpan+Advance(chunked),Job-CNUJVU,False,Default,Default,Default,Default,Default,Default,00000000000000000000000000000000000000000000000000000000000000001111111111111111111111111111111111111111111111111111111111111111,Empty,RyuJit,Default,X64,8c5e7fda-e8bf-4a96-9a85-a6e23a8c635c,.NET 10.0,False,True,False,True,Default,Default,False,False,False,Default,Default,Default,Default,Default,Default,Default,1,Default,Default,Default,Default,Default,Default,Default,Default,Default,1,Default,?,?,?,?,4096,4096,?,188.5109 ns,8.0675 ns,22.7545 ns,183.5000 ns,1.03,0.16,0.0000,0.0000,0 B,NA
ResizableByteWriterStreamingBench,New.GetSpan+Advance(chunked),Job-CNUJVU,False,Default,Default,Default,Default,Default,Default,00000000000000000000000000000000000000000000000000000000000000001111111111111111111111111111111111111111111111111111111111111111,Empty,RyuJit,Default,X64,8c5e7fda-e8bf-4a96-9a85-a6e23a8c635c,.NET 10.0,False,True,False,True,Default,Default,False,False,False,Default,Default,Default,Default,Default,Default,Default,1,Default,Default,Default,Default,Default,Default,Default,Default,Default,1,Default,?,?,?,?,4096,4096,?,276.3878 ns,17.2436 ns,50.3003 ns,282.0000 ns,1.52,0.31,0.0000,0.0000,0 B,NA
ResizableSpanWriterStreamingBench,Old.Write(chunked),Job-CNUJVU,False,Default,Default,Default,Default,Default,Default,00000000000000000000000000000000000000000000000000000000000000001111111111111111111111111111111111111111111111111111111111111111,Empty,RyuJit,Default,X64,8c5e7fda-e8bf-4a96-9a85-a6e23a8c635c,.NET 10.0,False,True,False,True,Default,Default,False,False,False,Default,Default,Default,Default,Default,Default,Default,1,Default,Default,Default,Default,Default,Default,Default,Default,Default,1,Default,?,?,?,?,?,4096,4096,486.6768 ns,31.3487 ns,91.9404 ns,511.0000 ns,1.04,0.29,0.0000,0.0000,0 B,NA
ResizableSpanWriterStreamingBench,New.Write(chunked),Job-CNUJVU,False,Default,Default,Default,Default,Default,Default,00000000000000000000000000000000000000000000000000000000000000001111111111111111111111111111111111111111111111111111111111111111,Empty,RyuJit,Default,X64,8c5e7fda-e8bf-4a96-9a85-a6e23a8c635c,.NET 10.0,False,True,False,True,Default,Default,False,False,False,Default,Default,Default,Default,Default,Default,Default,1,Default,Default,Default,Default,Default,Default,Default,Default,Default,1,Default,?,?,?,?,?,4096,4096,388.5949 ns,8.2873 ns,21.5398 ns,382.0000 ns,0.83,0.17,0.0000,0.0000,0 B,NA
ResizableSpanWriterStreamingBench,Old.GetSpan+Advance(chunked),Job-CNUJVU,False,Default,Default,Default,Default,Default,Default,00000000000000000000000000000000000000000000000000000000000000001111111111111111111111111111111111111111111111111111111111111111,Empty,RyuJit,Default,X64,8c5e7fda-e8bf-4a96-9a85-a6e23a8c635c,.NET 10.0,False,True,False,True,Default,Default,False,False,False,Default,Default,Default,Default,Default,Default,Default,1,Default,Default,Default,Default,Default,Default,Default,Default,Default,1,Default,?,?,?,?,?,4096,4096,472.4747 ns,36.8932 ns,108.2015 ns,415.0000 ns,1.01,0.31,0.0000,0.0000,0 B,NA
ResizableSpanWriterStreamingBench,New.GetSpan+Advance(chunked),Job-CNUJVU,False,Default,Default,Default,Default,Default,Default,00000000000000000000000000000000000000000000000000000000000000001111111111111111111111111111111111111111111111111111111111111111,Empty,RyuJit,Default,X64,8c5e7fda-e8bf-4a96-9a85-a6e23a8c635c,.NET 10.0,False,True,False,True,Default,Default,False,False,False,Default,Default,Default,Default,Default,Default,Default,1,Default,Default,Default,Default,Default,Default,Default,Default,Default,1,Default,?,?,?,?,?,4096,4096,443.7475 ns,17.0993 ns,50.1492 ns,424.0000 ns,0.95,0.22,0.0000,0.0000,0 B,NA
SpanSplitEnumeratorBench,SpanSplitEnumerator<char>,DefaultJob,False,Default,Default,Default,Default,Default,Default,00000000000000000000000000000000000000000000000000000000000000001111111111111111111111111111111111111111111111111111111111111111,Empty,RyuJit,Default,X64,8c5e7fda-e8bf-4a96-9a85-a6e23a8c635c,.NET 10.0,False,True,False,True,Default,Default,False,False,False,Default,Default,Default,Default,Default,Default,Default,Default,Default,Default,Default,Default,Default,Default,Default,Default,Default,16,Default,8192,?,0.05,?,?,?,?,"4,185.5831 ns",83.3469 ns,215.1451 ns,"4,150.7785 ns",1.00,0.07,0.0000,0.0000,0 B,NA
SpanSplitEnumeratorBench,"'string.Split(',')'",DefaultJob,False,Default,Default,Default,Default,Default,Default,00000000000000000000000000000000000000000000000000000000000000001111111111111111111111111111111111111111111111111111111111111111,Empty,RyuJit,Default,X64,8c5e7fda-e8bf-4a96-9a85-a6e23a8c635c,.NET 10.0,False,True,False,True,Default,Default,False,False,False,Default,Default,Default,Default,Default,Default,Default,Default,Default,Default,Default,Default,Default,Default,Default,Default,Default,16,Default,8192,?,0.05,?,?,?,?,"4,683.4621 ns",93.2571 ns,204.7016 ns,"4,673.0876 ns",1.12,0.07,0.9003,0.0839,28440 B,NA
SpanSplitEnumeratorBench,'Manual IndexOf Loop',DefaultJob,False,Default,Default,Default,Default,Default,Default,00000000000000000000000000000000000000000000000000000000000000001111111111111111111111111111111111111111111111111111111111111111,Empty,RyuJit,Default,X64,8c5e7fda-e8bf-4a96-9a85-a6e23a8c635c,.NET 10.0,False,True,False,True,Default,Default,False,False,False,Default,Default,Default,Default,Default,Default,Default,Default,Default,Default,Default,Default,Default,Default,Default,Default,Default,16,Default,8192,?,0.05,?,?,?,?,"4,085.8168 ns",80.9528 ns,128.3997 ns,"3,995.8952 ns",0.98,0.06,0.0000,0.0000,0 B,NA
SpanSplitEnumeratorBench,SpanSplitEnumerator<char>,DefaultJob,False,Default,Default,Default,Default,Default,Default,00000000000000000000000000000000000000000000000000000000000000001111111111111111111111111111111111111111111111111111111111111111,Empty,RyuJit,Default,X64,8c5e7fda-e8bf-4a96-9a85-a6e23a8c635c,.NET 10.0,False,True,False,True,Default,Default,False,False,False,Default,Default,Default,Default,Default,Default,Default,Default,Default,Default,Default,Default,Default,Default,Default,Default,Default,16,Default,8192,?,0.2,?,?,?,?,"15,158.4513 ns",299.1792 ns,367.4190 ns,"15,096.2204 ns",1.00,0.03,0.0000,0.0000,0 B,NA
SpanSplitEnumeratorBench,"'string.Split(',')'",DefaultJob,False,Default,Default,Default,Default,Default,Default,00000000000000000000000000000000000000000000000000000000000000001111111111111111111111111111111111111111111111111111111111111111,Empty,RyuJit,Default,X64,8c5e7fda-e8bf-4a96-9a85-a6e23a8c635c,.NET 10.0,False,True,False,True,Default,Default,False,False,False,Default,Default,Default,Default,Default,Default,Default,Default,Default,Default,Default,Default,Default,Default,Default,Default,Default,16,Default,8192,?,0.2,?,?,?,?,"12,623.7473 ns",250.4829 ns,367.1546 ns,"12,539.6990 ns",0.83,0.03,1.8158,0.3510,57032 B,NA
SpanSplitEnumeratorBench,'Manual IndexOf Loop',DefaultJob,False,Default,Default,Default,Default,Default,Default,00000000000000000000000000000000000000000000000000000000000000001111111111111111111111111111111111111111111111111111111111111111,Empty,RyuJit,Default,X64,8c5e7fda-e8bf-4a96-9a85-a6e23a8c635c,.NET 10.0,False,True,False,True,Default,Default,False,False,False,Default,Default,Default,Default,Default,Default,Default,Default,Default,Default,Default,Default,Default,Default,Default,Default,Default,16,Default,8192,?,0.2,?,?,?,?,"15,117.9547 ns",297.7855 ns,387.2053 ns,"14,956.1283 ns",1.00,0.03,0.0000,0.0000,0 B,NA
ResizableByteWriterBench,'Old.Write(byte[])',Job-CNUJVU,False,Default,Default,Default,Default,Default,Default,00000000000000000000000000000000000000000000000000000000000000001111111111111111111111111111111111111111111111111111111111111111,Empty,RyuJit,Default,X64,8c5e7fda-e8bf-4a96-9a85-a6e23a8c635c,.NET 10.0,False,True,False,True,Default,Default,False,False,False,Default,Default,Default,Default,Default,Default,Default,1,Default,Default,Default,Default,Default,Default,Default,Default,Default,1,Default,?,?,?,65536,?,?,?,"1,170.8462 ns",19.1035 ns,15.9523 ns,"1,175.0000 ns",1.00,0.02,0.0000,0.0000,0 B,NA
ResizableSpanWriterBench,'Old.Write(T[])',Job-CNUJVU,False,Default,Default,Default,Default,Default,Default,00000000000000000000000000000000000000000000000000000000000000001111111111111111111111111111111111111111111111111111111111111111,Empty,RyuJit,Default,X64,8c5e7fda-e8bf-4a96-9a85-a6e23a8c635c,.NET 10.0,False,True,False,True,Default,Default,False,False,False,Default,Default,Default,Default,Default,Default,Default,1,Default,Default,Default,Default,Default,Default,Default,Default,Default,1,Default,?,?,?,65536,?,?,?,"5,454.9742 ns",118.8438 ns,344.7873 ns,"5,346.5000 ns",4.66,0.30,0.0000,0.0000,0 B,NA
ResizableByteWriterBench,'New.Write(byte[])',Job-CNUJVU,False,Default,Default,Default,Default,Default,Default,00000000000000000000000000000000000000000000000000000000000000001111111111111111111111111111111111111111111111111111111111111111,Empty,RyuJit,Default,X64,8c5e7fda-e8bf-4a96-9a85-a6e23a8c635c,.NET 10.0,False,True,False,True,Default,Default,False,False,False,Default,Default,Default,Default,Default,Default,Default,1,Default,Default,Default,Default,Default,Default,Default,Default,Default,1,Default,?,?,?,65536,?,?,?,"1,166.1154 ns",14.7767 ns,12.3392 ns,"1,165.5000 ns",1.00,0.02,0.0000,0.0000,0 B,NA
ResizableSpanWriterBench,'New.Write(T[])',Job-CNUJVU,False,Default,Default,Default,Default,Default,Default,00000000000000000000000000000000000000000000000000000000000000001111111111111111111111111111111111111111111111111111111111111111,Empty,RyuJit,Default,X64,8c5e7fda-e8bf-4a96-9a85-a6e23a8c635c,.NET 10.0,False,True,False,True,Default,Default,False,False,False,Default,Default,Default,Default,Default,Default,Default,1,Default,Default,Default,Default,Default,Default,Default,Default,Default,1,Default,?,?,?,65536,?,?,?,"5,731.1633 ns",128.2779 ns,374.1927 ns,"5,624.5000 ns",4.90,0.32,0.0000,0.0000,0 B,NA
ResizableByteWriterBench,Old.WriteSpanAdvance,Job-CNUJVU,False,Default,Default,Default,Default,Default,Default,00000000000000000000000000000000000000000000000000000000000000001111111111111111111111111111111111111111111111111111111111111111,Empty,RyuJit,Default,X64,8c5e7fda-e8bf-4a96-9a85-a6e23a8c635c,.NET 10.0,False,True,False,True,Default,Default,False,False,False,Default,Default,Default,Default,Default,Default,Default,1,Default,Default,Default,Default,Default,Default,Default,Default,Default,1,Default,?,?,?,65536,?,?,?,"1,168.2308 ns",22.4633 ns,18.7579 ns,"1,165.0000 ns",1.00,0.02,0.0000,0.0000,0 B,NA
ResizableSpanWriterBench,Old.WriteSpanAdvance,Job-CNUJVU,False,Default,Default,Default,Default,Default,Default,00000000000000000000000000000000000000000000000000000000000000001111111111111111111111111111111111111111111111111111111111111111,Empty,RyuJit,Default,X64,8c5e7fda-e8bf-4a96-9a85-a6e23a8c635c,.NET 10.0,False,True,False,True,Default,Default,False,False,False,Default,Default,Default,Default,Default,Default,Default,1,Default,Default,Default,Default,Default,Default,Default,Default,Default,1,Default,?,?,?,65536,?,?,?,"5,402.0833 ns",85.3530 ns,66.6380 ns,"5,421.5000 ns",4.61,0.08,0.0000,0.0000,0 B,NA
ResizableByteWriterBench,New.WriteSpanAdvance,Job-CNUJVU,False,Default,Default,Default,Default,Default,Default,00000000000000000000000000000000000000000000000000000000000000001111111111111111111111111111111111111111111111111111111111111111,Empty,RyuJit,Default,X64,8c5e7fda-e8bf-4a96-9a85-a6e23a8c635c,.NET 10.0,False,True,False,True,Default,Default,False,False,False,Default,Default,Default,Default,Default,Default,Default,1,Default,Default,Default,Default,Default,Default,Default,Default,Default,1,Default,?,?,?,65536,?,?,?,"1,167.5769 ns",22.7977 ns,19.0371 ns,"1,159.5000 ns",1.00,0.02,0.0000,0.0000,0 B,NA
ResizableSpanWriterBench,New.WriteSpanAdvance,Job-CNUJVU,False,Default,Default,Default,Default,Default,Default,00000000000000000000000000000000000000000000000000000000000000001111111111111111111111111111111111111111111111111111111111111111,Empty,RyuJit,Default,X64,8c5e7fda-e8bf-4a96-9a85-a6e23a8c635c,.NET 10.0,False,True,False,True,Default,Default,False,False,False,Default,Default,Default,Default,Default,Default,Default,1,Default,Default,Default,Default,Default,Default,Default,Default,Default,1,Default,?,?,?,65536,?,?,?,"5,015.4167 ns",65.6692 ns,51.2702 ns,"5,003.5000 ns",4.28,0.07,0.0000,0.0000,0 B,NA
ResizableByteWriterBench,Old.ResetReuse,Job-CNUJVU,False,Default,Default,Default,Default,Default,Default,00000000000000000000000000000000000000000000000000000000000000001111111111111111111111111111111111111111111111111111111111111111,Empty,RyuJit,Default,X64,8c5e7fda-e8bf-4a96-9a85-a6e23a8c635c,.NET 10.0,False,True,False,True,Default,Default,False,False,False,Default,Default,Default,Default,Default,Default,Default,1,Default,Default,Default,Default,Default,Default,Default,Default,Default,1,Default,?,?,?,65536,?,?,?,"2,366.5385 ns",15.6569 ns,13.0742 ns,"2,365.0000 ns",2.02,0.03,0.0000,0.0000,0 B,NA
ResizableSpanWriterBench,Old.ResetReuse,Job-CNUJVU,False,Default,Default,Default,Default,Default,Default,00000000000000000000000000000000000000000000000000000000000000001111111111111111111111111111111111111111111111111111111111111111,Empty,RyuJit,Default,X64,8c5e7fda-e8bf-4a96-9a85-a6e23a8c635c,.NET 10.0,False,True,False,True,Default,Default,False,False,False,Default,Default,Default,Default,Default,Default,Default,1,Default,Default,Default,Default,Default,Default,Default,Default,Default,1,Default,?,?,?,65536,?,?,?,"10,656.6630 ns",246.6588 ns,695.7056 ns,"10,373.5000 ns",9.10,0.60,0.0000,0.0000,0 B,NA
ResizableByteWriterBench,New.ResetReuse,Job-CNUJVU,False,Default,Default,Default,Default,Default,Default,00000000000000000000000000000000000000000000000000000000000000001111111111111111111111111111111111111111111111111111111111111111,Empty,RyuJit,Default,X64,8c5e7fda-e8bf-4a96-9a85-a6e23a8c635c,.NET 10.0,False,True,False,True,Default,Default,False,False,False,Default,Default,Default,Default,Default,Default,Default,1,Default,Default,Default,Default,Default,Default,Default,Default,Default,1,Default,?,?,?,65536,?,?,?,"2,367.4231 ns",29.4939 ns,24.6288 ns,"2,363.5000 ns",2.02,0.03,0.0000,0.0000,0 B,NA
ResizableSpanWriterBench,New.ResetReuse,Job-CNUJVU,False,Default,Default,Default,Default,Default,Default,00000000000000000000000000000000000000000000000000000000000000001111111111111111111111111111111111111111111111111111111111111111,Empty,RyuJit,Default,X64,8c5e7fda-e8bf-4a96-9a85-a6e23a8c635c,.NET 10.0,False,True,False,True,Default,Default,False,False,False,Default,Default,Default,Default,Default,Default,Default,1,Default,Default,Default,Default,Default,Default,Default,Default,Default,1,Default,?,?,?,65536,?,?,?,"10,672.3571 ns",126.0342 ns,111.7260 ns,"10,646.0000 ns",9.12,0.15,0.0000,0.0000,0 B,NA
ResizableSpanWriterBench,Old.WriteSingles,Job-CNUJVU,False,Default,Default,Default,Default,Default,Default,00000000000000000000000000000000000000000000000000000000000000001111111111111111111111111111111111111111111111111111111111111111,Empty,RyuJit,Default,X64,8c5e7fda-e8bf-4a96-9a85-a6e23a8c635c,.NET 10.0,False,True,False,True,Default,Default,False,False,False,Default,Default,Default,Default,Default,Default,Default,1,Default,Default,Default,Default,Default,Default,Default,Default,Default,1,Default,?,?,?,65536,?,?,?,"85,500.6265 ns","1,575.0050 ns","4,204.0075 ns","84,152.0000 ns",73.04,3.70,0.0000,0.0000,0 B,NA
ResizableSpanWriterBench,New.WriteSingles,Job-CNUJVU,False,Default,Default,Default,Default,Default,Default,00000000000000000000000000000000000000000000000000000000000000001111111111111111111111111111111111111111111111111111111111111111,Empty,RyuJit,Default,X64,8c5e7fda-e8bf-4a96-9a85-a6e23a8c635c,.NET 10.0,False,True,False,True,Default,Default,False,False,False,Default,Default,Default,Default,Default,Default,Default,1,Default,Default,Default,Default,Default,Default,Default,Default,Default,1,Default,?,?,?,65536,?,?,?,"102,927.5811 ns","2,047.6643 ns","3,477.0897 ns","102,108.5000 ns",87.92,3.15,0.0000,0.0000,0 B,NA
ResizableByteWriterStreamingBench,Old.Write(chunked),Job-CNUJVU,False,Default,Default,Default,Default,Default,Default,00000000000000000000000000000000000000000000000000000000000000001111111111111111111111111111111111111111111111111111111111111111,Empty,RyuJit,Default,X64,8c5e7fda-e8bf-4a96-9a85-a6e23a8c635c,.NET 10.0,False,True,False,True,Default,Default,False,False,False,Default,Default,Default,Default,Default,Default,Default,1,Default,Default,Default,Default,Default,Default,Default,Default,Default,1,Default,?,?,?,?,65536,16,?,"39,355.1167 ns",781.6326 ns,"1,748.2334 ns","39,043.0000 ns",1.00,0.06,0.0000,0.0000,0 B,NA
ResizableByteWriterStreamingBench,New.Write(chunked),Job-CNUJVU,False,Default,Default,Default,Default,Default,Default,00000000000000000000000000000000000000000000000000000000000000001111111111111111111111111111111111111111111111111111111111111111,Empty,RyuJit,Default,X64,8c5e7fda-e8bf-4a96-9a85-a6e23a8c635c,.NET 10.0,False,True,False,True,Default,Default,False,False,False,Default,Default,Default,Default,Default,Default,Default,1,Default,Default,Default,Default,Default,Default,Default,Default,Default,1,Default,?,?,?,?,65536,16,?,"38,436.3235 ns",732.3851 ns,"1,182.6655 ns","38,320.5000 ns",0.98,0.05,0.0000,0.0000,0 B,NA
ResizableByteWriterStreamingBench,Old.GetSpan+Advance(chunked),Job-CNUJVU,False,Default,Default,Default,Default,Default,Default,00000000000000000000000000000000000000000000000000000000000000001111111111111111111111111111111111111111111111111111111111111111,Empty,RyuJit,Default,X64,8c5e7fda-e8bf-4a96-9a85-a6e23a8c635c,.NET 10.0,False,True,False,True,Default,Default,False,False,False,Default,Default,Default,Default,Default,Default,Default,1,Default,Default,Default,Default,Default,Default,Default,Default,Default,1,Default,?,?,?,?,65536,16,?,"41,316.4583 ns",764.4143 ns,993.9546 ns,"41,241.5000 ns",1.05,0.05,0.0000,0.0000,0 B,NA
ResizableByteWriterStreamingBench,New.GetSpan+Advance(chunked),Job-CNUJVU,False,Default,Default,Default,Default,Default,Default,00000000000000000000000000000000000000000000000000000000000000001111111111111111111111111111111111111111111111111111111111111111,Empty,RyuJit,Default,X64,8c5e7fda-e8bf-4a96-9a85-a6e23a8c635c,.NET 10.0,False,True,False,True,Default,Default,False,False,False,Default,Default,Default,Default,Default,Default,Default,1,Default,Default,Default,Default,Default,Default,Default,Default,Default,1,Default,?,?,?,?,65536,16,?,"42,502.5667 ns",836.2956 ns,"1,251.7280 ns","42,444.0000 ns",1.08,0.06,0.0000,0.0000,0 B,NA
ResizableSpanWriterStreamingBench,Old.Write(chunked),Job-CNUJVU,False,Default,Default,Default,Default,Default,Default,00000000000000000000000000000000000000000000000000000000000000001111111111111111111111111111111111111111111111111111111111111111,Empty,RyuJit,Default,X64,8c5e7fda-e8bf-4a96-9a85-a6e23a8c635c,.NET 10.0,False,True,False,True,Default,Default,False,False,False,Default,Default,Default,Default,Default,Default,Default,1,Default,Default,Default,Default,Default,Default,Default,Default,Default,1,Default,?,?,?,?,?,16,65536,"30,090.3077 ns",229.9216 ns,191.9950 ns,"30,034.0000 ns",1.00,0.01,0.0000,0.0000,0 B,NA
ResizableSpanWriterStreamingBench,New.Write(chunked),Job-CNUJVU,False,Default,Default,Default,Default,Default,Default,00000000000000000000000000000000000000000000000000000000000000001111111111111111111111111111111111111111111111111111111111111111,Empty,RyuJit,Default,X64,8c5e7fda-e8bf-4a96-9a85-a6e23a8c635c,.NET 10.0,False,True,False,True,Default,Default,False,False,False,Default,Default,Default,Default,Default,Default,Default,1,Default,Default,Default,Default,Default,Default,Default,Default,Default,1,Default,?,?,?,?,?,16,65536,"29,744.1667 ns",131.0336 ns,102.3024 ns,"29,760.5000 ns",0.99,0.01,0.0000,0.0000,0 B,NA
ResizableSpanWriterStreamingBench,Old.GetSpan+Advance(chunked),Job-CNUJVU,False,Default,Default,Default,Default,Default,Default,00000000000000000000000000000000000000000000000000000000000000001111111111111111111111111111111111111111111111111111111111111111,Empty,RyuJit,Default,X64,8c5e7fda-e8bf-4a96-9a85-a6e23a8c635c,.NET 10.0,False,True,False,True,Default,Default,False,False,False,Default,Default,Default,Default,Default,Default,Default,1,Default,Default,Default,Default,Default,Default,Default,Default,Default,1,Default,?,?,?,?,?,16,65536,"35,338.3846 ns",216.7953 ns,181.0339 ns,"35,302.0000 ns",1.17,0.01,0.0000,0.0000,0 B,NA
ResizableSpanWriterStreamingBench,New.GetSpan+Advance(chunked),Job-CNUJVU,False,Default,Default,Default,Default,Default,Default,00000000000000000000000000000000000000000000000000000000000000001111111111111111111111111111111111111111111111111111111111111111,Empty,RyuJit,Default,X64,8c5e7fda-e8bf-4a96-9a85-a6e23a8c635c,.NET 10.0,False,True,False,True,Default,Default,False,False,False,Default,Default,Default,Default,Default,Default,Default,1,Default,Default,Default,Default,Default,Default,Default,Default,Default,1,Default,?,?,?,?,?,16,65536,"60,042.1667 ns",336.8384 ns,262.9813 ns,"60,031.5000 ns",2.00,0.01,0.0000,0.0000,0 B,NA
ResizableByteWriterStreamingBench,Old.Write(chunked),Job-CNUJVU,False,Default,Default,Default,Default,Default,Default,00000000000000000000000000000000000000000000000000000000000000001111111111111111111111111111111111111111111111111111111111111111,Empty,RyuJit,Default,X64,8c5e7fda-e8bf-4a96-9a85-a6e23a8c635c,.NET 10.0,False,True,False,True,Default,Default,False,False,False,Default,Default,Default,Default,Default,Default,Default,1,Default,Default,Default,Default,Default,Default,Default,Default,Default,1,Default,?,?,?,?,65536,256,?,"7,540.6923 ns",134.5367 ns,112.3443 ns,"7,570.0000 ns",1.00,0.02,0.0000,0.0000,0 B,NA
ResizableByteWriterStreamingBench,New.Write(chunked),Job-CNUJVU,False,Default,Default,Default,Default,Default,Default,00000000000000000000000000000000000000000000000000000000000000001111111111111111111111111111111111111111111111111111111111111111,Empty,RyuJit,Default,X64,8c5e7fda-e8bf-4a96-9a85-a6e23a8c635c,.NET 10.0,False,True,False,True,Default,Default,False,False,False,Default,Default,Default,Default,Default,Default,Default,1,Default,Default,Default,Default,Default,Default,Default,Default,Default,1,Default,?,?,?,?,65536,256,?,"7,416.7143 ns",103.0184 ns,91.3231 ns,"7,404.5000 ns",0.98,0.02,0.0000,0.0000,0 B,NA
ResizableByteWriterStreamingBench,Old.GetSpan+Advance(chunked),Job-CNUJVU,False,Default,Default,Default,Default,Default,Default,00000000000000000000000000000000000000000000000000000000000000001111111111111111111111111111111111111111111111111111111111111111,Empty,RyuJit,Default,X64,8c5e7fda-e8bf-4a96-9a85-a6e23a8c635c,.NET 10.0,False,True,False,True,Default,Default,False,False,False,Default,Default,Default,Default,Default,Default,Default,1,Default,Default,Default,Default,Default,Default,Default,Default,Default,1,Default,?,?,?,?,65536,256,?,"10,612.1818 ns",211.8600 ns,397.9244 ns,"10,640.5000 ns",1.41,0.06,0.0000,0.0000,0 B,NA
ResizableByteWriterStreamingBench,New.GetSpan+Advance(chunked),Job-CNUJVU,False,Default,Default,Default,Default,Default,Default,00000000000000000000000000000000000000000000000000000000000000001111111111111111111111111111111111111111111111111111111111111111,Empty,RyuJit,Default,X64,8c5e7fda-e8bf-4a96-9a85-a6e23a8c635c,.NET 10.0,False,True,False,True,Default,Default,False,False,False,Default,Default,Default,Default,Default,Default,Default,1,Default,Default,Default,Default,Default,Default,Default,Default,Default,1,Default,?,?,?,?,65536,256,?,"11,092.3846 ns",53.0118 ns,44.2673 ns,"11,089.0000 ns",1.47,0.02,0.0000,0.0000,0 B,NA
ResizableSpanWriterStreamingBench,Old.Write(chunked),Job-CNUJVU,False,Default,Default,Default,Default,Default,Default,00000000000000000000000000000000000000000000000000000000000000001111111111111111111111111111111111111111111111111111111111111111,Empty,RyuJit,Default,X64,8c5e7fda-e8bf-4a96-9a85-a6e23a8c635c,.NET 10.0,False,True,False,True,Default,Default,False,False,False,Default,Default,Default,Default,Default,Default,Default,1,Default,Default,Default,Default,Default,Default,Default,Default,Default,1,Default,?,?,?,?,?,256,65536,"9,322.4231 ns",140.3418 ns,117.1918 ns,"9,313.5000 ns",1.00,0.02,0.0000,0.0000,0 B,NA
ResizableSpanWriterStreamingBench,New.Write(chunked),Job-CNUJVU,False,Default,Default,Default,Default,Default,Default,00000000000000000000000000000000000000000000000000000000000000001111111111111111111111111111111111111111111111111111111111111111,Empty,RyuJit,Default,X64,8c5e7fda-e8bf-4a96-9a85-a6e23a8c635c,.NET 10.0,False,True,False,True,Default,Default,False,False,False,Default,Default,Default,Default,Default,Default,Default,1,Default,Default,Default,Default,Default,Default,Default,Default,Default,1,Default,?,?,?,?,?,256,65536,"9,316.4231 ns",174.8528 ns,146.0100 ns,"9,291.5000 ns",1.00,0.02,0.0000,0.0000,0 B,NA
ResizableSpanWriterStreamingBench,Old.GetSpan+Advance(chunked),Job-CNUJVU,False,Default,Default,Default,Default,Default,Default,00000000000000000000000000000000000000000000000000000000000000001111111111111111111111111111111111111111111111111111111111111111,Empty,RyuJit,Default,X64,8c5e7fda-e8bf-4a96-9a85-a6e23a8c635c,.NET 10.0,False,True,False,True,Default,Default,False,False,False,Default,Default,Default,Default,Default,Default,Default,1,Default,Default,Default,Default,Default,Default,Default,Default,Default,1,Default,?,?,?,?,?,256,65536,"14,188.2308 ns",156.0614 ns,130.3183 ns,"14,159.0000 ns",1.52,0.02,0.0000,0.0000,0 B,NA
ResizableSpanWriterStreamingBench,New.GetSpan+Advance(chunked),Job-CNUJVU,False,Default,Default,Default,Default,Default,Default,00000000000000000000000000000000000000000000000000000000000000001111111111111111111111111111111111111111111111111111111111111111,Empty,RyuJit,Default,X64,8c5e7fda-e8bf-4a96-9a85-a6e23a8c635c,.NET 10.0,False,True,False,True,Default,Default,False,False,False,Default,Default,Default,Default,Default,Default,Default,1,Default,Default,Default,Default,Default,Default,Default,Default,Default,1,Default,?,?,?,?,?,256,65536,"15,141.1923 ns",200.0987 ns,167.0915 ns,"15,107.5000 ns",1.62,0.03,0.0000,0.0000,0 B,NA
ResizableByteWriterStreamingBench,Old.Write(chunked),Job-CNUJVU,False,Default,Default,Default,Default,Default,Default,00000000000000000000000000000000000000000000000000000000000000001111111111111111111111111111111111111111111111111111111111111111,Empty,RyuJit,Default,X64,8c5e7fda-e8bf-4a96-9a85-a6e23a8c635c,.NET 10.0,False,True,False,True,Default,Default,False,False,False,Default,Default,Default,Default,Default,Default,Default,1,Default,Default,Default,Default,Default,Default,Default,Default,Default,1,Default,?,?,?,?,65536,4096,?,"1,610.8750 ns",24.7175 ns,24.2758 ns,"1,612.5000 ns",1.00,0.02,0.0000,0.0000,0 B,NA
ResizableByteWriterStreamingBench,New.Write(chunked),Job-CNUJVU,False,Default,Default,Default,Default,Default,Default,00000000000000000000000000000000000000000000000000000000000000001111111111111111111111111111111111111111111111111111111111111111,Empty,RyuJit,Default,X64,8c5e7fda-e8bf-4a96-9a85-a6e23a8c635c,.NET 10.0,False,True,False,True,Default,Default,False,False,False,Default,Default,Default,Default,Default,Default,Default,1,Default,Default,Default,Default,Default,Default,Default,Default,Default,1,Default,?,?,?,?,65536,4096,?,"1,716.5714 ns",21.0924 ns,18.6979 ns,"1,718.0000 ns",1.07,0.02,0.0000,0.0000,0 B,NA
ResizableByteWriterStreamingBench,Old.GetSpan+Advance(chunked),Job-CNUJVU,False,Default,Default,Default,Default,Default,Default,00000000000000000000000000000000000000000000000000000000000000001111111111111111111111111111111111111111111111111111111111111111,Empty,RyuJit,Default,X64,8c5e7fda-e8bf-4a96-9a85-a6e23a8c635c,.NET 10.0,False,True,False,True,Default,Default,False,False,False,Default,Default,Default,Default,Default,Default,Default,1,Default,Default,Default,Default,Default,Default,Default,Default,Default,1,Default,?,?,?,?,65536,4096,?,"1,922.4167 ns",33.0433 ns,25.7980 ns,"1,918.0000 ns",1.19,0.02,0.0000,0.0000,0 B,NA
ResizableByteWriterStreamingBench,New.GetSpan+Advance(chunked),Job-CNUJVU,False,Default,Default,Default,Default,Default,Default,00000000000000000000000000000000000000000000000000000000000000001111111111111111111111111111111111111111111111111111111111111111,Empty,RyuJit,Default,X64,8c5e7fda-e8bf-4a96-9a85-a6e23a8c635c,.NET 10.0,False,True,False,True,Default,Default,False,False,False,Default,Default,Default,Default,Default,Default,Default,1,Default,Default,Default,Default,Default,Default,Default,Default,Default,1,Default,?,?,?,?,65536,4096,?,"1,963.2308 ns",27.7903 ns,23.2062 ns,"1,962.0000 ns",1.22,0.02,0.0000,0.0000,0 B,NA
ResizableSpanWriterStreamingBench,Old.Write(chunked),Job-CNUJVU,False,Default,Default,Default,Default,Default,Default,00000000000000000000000000000000000000000000000000000000000000001111111111111111111111111111111111111111111111111111111111111111,Empty,RyuJit,Default,X64,8c5e7fda-e8bf-4a96-9a85-a6e23a8c635c,.NET 10.0,False,True,False,True,Default,Default,False,False,False,Default,Default,Default,Default,Default,Default,Default,1,Default,Default,Default,Default,Default,Default,Default,Default,Default,1,Default,?,?,?,?,?,4096,65536,"5,684.6000 ns",111.6573 ns,128.5848 ns,"5,648.0000 ns",1.00,0.03,0.0000,0.0000,0 B,NA
ResizableSpanWriterStreamingBench,New.Write(chunked),Job-CNUJVU,False,Default,Default,Default,Default,Default,Default,00000000000000000000000000000000000000000000000000000000000000001111111111111111111111111111111111111111111111111111111111111111,Empty,RyuJit,Default,X64,8c5e7fda-e8bf-4a96-9a85-a6e23a8c635c,.NET 10.0,False,True,False,True,Default,Default,False,False,False,Default,Default,Default,Default,Default,Default,Default,1,Default,Default,Default,Default,Default,Default,Default,Default,Default,1,Default,?,?,?,?,?,4096,65536,"5,339.6154 ns",96.5296 ns,80.6066 ns,"5,324.0000 ns",0.94,0.02,0.0000,0.0000,0 B,NA
ResizableSpanWriterStreamingBench,Old.GetSpan+Advance(chunked),Job-CNUJVU,False,Default,Default,Default,Default,Default,Default,00000000000000000000000000000000000000000000000000000000000000001111111111111111111111111111111111111111111111111111111111111111,Empty,RyuJit,Default,X64,8c5e7fda-e8bf-4a96-9a85-a6e23a8c635c,.NET 10.0,False,True,False,True,Default,Default,False,False,False,Default,Default,Default,Default,Default,Default,Default,1,Default,Default,Default,Default,Default,Default,Default,Default,Default,1,Default,?,?,?,?,?,4096,65536,"5,997.0000 ns",78.8469 ns,65.8407 ns,"5,975.0000 ns",1.06,0.03,0.0000,0.0000,0 B,NA
ResizableSpanWriterStreamingBench,New.GetSpan+Advance(chunked),Job-CNUJVU,False,Default,Default,Default,Default,Default,Default,00000000000000000000000000000000000000000000000000000000000000001111111111111111111111111111111111111111111111111111111111111111,Empty,RyuJit,Default,X64,8c5e7fda-e8bf-4a96-9a85-a6e23a8c635c,.NET 10.0,False,True,False,True,Default,Default,False,False,False,Default,Default,Default,Default,Default,Default,Default,1,Default,Default,Default,Default,Default,Default,Default,Default,Default,1,Default,?,?,?,?,?,4096,65536,"5,780.3333 ns",102.2948 ns,79.8650 ns,"5,769.0000 ns",1.02,0.03,0.0000,0.0000,0 B,NA
ResizableByteWriterBench,'Old.Write(byte[])',Job-CNUJVU,False,Default,Default,Default,Default,Default,Default,00000000000000000000000000000000000000000000000000000000000000001111111111111111111111111111111111111111111111111111111111111111,Empty,RyuJit,Default,X64,8c5e7fda-e8bf-4a96-9a85-a6e23a8c635c,.NET 10.0,False,True,False,True,Default,Default,False,False,False,Default,Default,Default,Default,Default,Default,Default,1,Default,Default,Default,Default,Default,Default,Default,Default,Default,1,Default,?,?,?,1048576,?,?,?,"44,230.5714 ns",626.5988 ns,555.4636 ns,"43,971.0000 ns",1.00,0.02,0.0000,0.0000,0 B,NA
ResizableByteWriterBench,'New.Write(byte[])',Job-CNUJVU,False,Default,Default,Default,Default,Default,Default,00000000000000000000000000000000000000000000000000000000000000001111111111111111111111111111111111111111111111111111111111111111,Empty,RyuJit,Default,X64,8c5e7fda-e8bf-4a96-9a85-a6e23a8c635c,.NET 10.0,False,True,False,True,Default,Default,False,False,False,Default,Default,Default,Default,Default,Default,Default,1,Default,Default,Default,Default,Default,Default,Default,Default,Default,1,Default,?,?,?,1048576,?,?,?,"43,249.5385 ns",751.6924 ns,627.6972 ns,"42,994.0000 ns",0.98,0.02,0.0000,0.0000,0 B,NA
ResizableByteWriterBench,Old.WriteSpanAdvance,Job-CNUJVU,False,Default,Default,Default,Default,Default,Default,00000000000000000000000000000000000000000000000000000000000000001111111111111111111111111111111111111111111111111111111111111111,Empty,RyuJit,Default,X64,8c5e7fda-e8bf-4a96-9a85-a6e23a8c635c,.NET 10.0,False,True,False,True,Default,Default,False,False,False,Default,Default,Default,Default,Default,Default,Default,1,Default,Default,Default,Default,Default,Default,Default,Default,Default,1,Default,?,?,?,1048576,?,?,?,"44,186.0000 ns",406.2231 ns,317.1522 ns,"44,052.5000 ns",1.00,0.01,0.0000,0.0000,0 B,NA
ResizableByteWriterBench,New.WriteSpanAdvance,Job-CNUJVU,False,Default,Default,Default,Default,Default,Default,00000000000000000000000000000000000000000000000000000000000000001111111111111111111111111111111111111111111111111111111111111111,Empty,RyuJit,Default,X64,8c5e7fda-e8bf-4a96-9a85-a6e23a8c635c,.NET 10.0,False,True,False,True,Default,Default,False,False,False,Default,Default,Default,Default,Default,Default,Default,1,Default,Default,Default,Default,Default,Default,Default,Default,Default,1,Default,?,?,?,1048576,?,?,?,"46,243.0000 ns",619.1955 ns,517.0563 ns,"46,106.0000 ns",1.05,0.02,0.0000,0.0000,0 B,NA
ResizableByteWriterBench,Old.ResetReuse,Job-CNUJVU,False,Default,Default,Default,Default,Default,Default,00000000000000000000000000000000000000000000000000000000000000001111111111111111111111111111111111111111111111111111111111111111,Empty,RyuJit,Default,X64,8c5e7fda-e8bf-4a96-9a85-a6e23a8c635c,.NET 10.0,False,True,False,True,Default,Default,False,False,False,Default,Default,Default,Default,Default,Default,Default,1,Default,Default,Default,Default,Default,Default,Default,Default,Default,1,Default,?,?,?,1048576,?,?,?,"84,280.3947 ns","1,642.3209 ns","1,825.4354 ns","83,415.5000 ns",1.91,0.05,0.0000,0.0000,0 B,NA
ResizableByteWriterBench,New.ResetReuse,Job-CNUJVU,False,Default,Default,Default,Default,Default,Default,00000000000000000000000000000000000000000000000000000000000000001111111111111111111111111111111111111111111111111111111111111111,Empty,RyuJit,Default,X64,8c5e7fda-e8bf-4a96-9a85-a6e23a8c635c,.NET 10.0,False,True,False,True,Default,Default,False,False,False,Default,Default,Default,Default,Default,Default,Default,1,Default,Default,Default,Default,Default,Default,Default,Default,Default,1,Default,?,?,?,1048576,?,?,?,"76,369.6316 ns","1,521.5157 ns","1,691.1606 ns","75,568.0000 ns",1.73,0.04,0.0000,0.0000,0 B,NA
