Type,Method,Job,AnalyzeLaunchVariance,EvaluateOverhead,MaxAbsoluteError,MaxRelativeError,MinInvokeCount,MinIterationTime,OutlierMode,Affinity,EnvironmentVariables,Jit,LargeAddressAware,Platform,PowerPlanMode,Runtime,AllowVeryLargeObjects,Concurrent,CpuGroups,Force,HeapAffinitizeMask,HeapCount,NoAffinitize,RetainVm,Server,Arguments,BuildConfiguration,Clock,EngineFactory,NuGetReferences,Toolchain,IsMutator,InvocationCount,IterationCount,IterationTime,LaunchCount,MaxIterationCount,MaxWarmupIterationCount,MemoryRandomization,MinIterationCount,MinWarmupIterationCount,RunStrategy,UnrollFactor,WarmupCount,TotalBytes,ChunkSize,TotalItems,Mean,Error,StdDev,Median,Ratio,RatioSD,Allocated,Alloc Ratio
ResizableByteWriterStreamingBench,Old.Write(chunked),Job-CNUJVU,False,Default,Default,Default,Default,Default,Default,00000000000000000000000000000000000000000000000000000000000000001111111111111111111111111111111111111111111111111111111111111111,Empty,RyuJit,Default,X64,8c5e7fda-e8bf-4a96-9a85-a6e23a8c635c,.NET 10.0,False,True,False,True,Default,Default,False,False,False,Default,Default,Default,Default,Default,Default,Default,1,Default,Default,Default,Default,Default,Default,Default,Default,Default,1,Default,4096,16,?,"7,026.1 ns",137.03 ns,146.62 ns,"6,988.5 ns",1.00,0.03,0 B,NA
ResizableByteWriterStreamingBench,New.Write(chunked),Job-CNUJVU,False,Default,Default,Default,Default,Default,Default,00000000000000000000000000000000000000000000000000000000000000001111111111111111111111111111111111111111111111111111111111111111,Empty,RyuJit,Default,X64,8c5e7fda-e8bf-4a96-9a85-a6e23a8c635c,.NET 10.0,False,True,False,True,Default,Default,False,False,False,Default,Default,Default,Default,Default,Default,Default,1,Default,Default,Default,Default,Default,Default,Default,Default,Default,1,Default,4096,16,?,"7,880.7 ns",218.27 ns,643.56 ns,"7,923.0 ns",1.12,0.09,0 B,NA
ResizableByteWriterStreamingBench,Old.GetSpan+Advance(chunked),Job-CNUJVU,False,Default,Default,Default,Default,Default,Default,00000000000000000000000000000000000000000000000000000000000000001111111111111111111111111111111111111111111111111111111111111111,Empty,RyuJit,Default,X64,8c5e7fda-e8bf-4a96-9a85-a6e23a8c635c,.NET 10.0,False,True,False,True,Default,Default,False,False,False,Default,Default,Default,Default,Default,Default,Default,1,Default,Default,Default,Default,Default,Default,Default,Default,Default,1,Default,4096,16,?,"8,319.2 ns",41.73 ns,34.84 ns,"8,320.5 ns",1.18,0.02,0 B,NA
ResizableByteWriterStreamingBench,New.GetSpan+Advance(chunked),Job-CNUJVU,False,Default,Default,Default,Default,Default,Default,00000000000000000000000000000000000000000000000000000000000000001111111111111111111111111111111111111111111111111111111111111111,Empty,RyuJit,Default,X64,8c5e7fda-e8bf-4a96-9a85-a6e23a8c635c,.NET 10.0,False,True,False,True,Default,Default,False,False,False,Default,Default,Default,Default,Default,Default,Default,1,Default,Default,Default,Default,Default,Default,Default,Default,Default,1,Default,4096,16,?,"8,553.3 ns",24.16 ns,21.42 ns,"8,552.5 ns",1.22,0.02,0 B,NA
ResizableSpanWriterStreamingBench,Old.Write(chunked),Job-CNUJVU,False,Default,Default,Default,Default,Default,Default,00000000000000000000000000000000000000000000000000000000000000001111111111111111111111111111111111111111111111111111111111111111,Empty,RyuJit,Default,X64,8c5e7fda-e8bf-4a96-9a85-a6e23a8c635c,.NET 10.0,False,True,False,True,Default,Default,False,False,False,Default,Default,Default,Default,Default,Default,Default,1,Default,Default,Default,Default,Default,Default,Default,Default,Default,1,Default,?,16,4096,"4,145.8 ns",72.32 ns,67.65 ns,"4,145.0 ns",1.00,0.02,0 B,NA
ResizableSpanWriterStreamingBench,New.Write(chunked),Job-CNUJVU,False,Default,Default,Default,Default,Default,Default,00000000000000000000000000000000000000000000000000000000000000001111111111111111111111111111111111111111111111111111111111111111,Empty,RyuJit,Default,X64,8c5e7fda-e8bf-4a96-9a85-a6e23a8c635c,.NET 10.0,False,True,False,True,Default,Default,False,False,False,Default,Default,Default,Default,Default,Default,Default,1,Default,Default,Default,Default,Default,Default,Default,Default,Default,1,Default,?,16,4096,"4,027.9 ns",77.41 ns,82.82 ns,"4,040.5 ns",0.97,0.02,0 B,NA
ResizableSpanWriterStreamingBench,Old.GetSpan+Advance(chunked),Job-CNUJVU,False,Default,Default,Default,Default,Default,Default,00000000000000000000000000000000000000000000000000000000000000001111111111111111111111111111111111111111111111111111111111111111,Empty,RyuJit,Default,X64,8c5e7fda-e8bf-4a96-9a85-a6e23a8c635c,.NET 10.0,False,True,False,True,Default,Default,False,False,False,Default,Default,Default,Default,Default,Default,Default,1,Default,Default,Default,Default,Default,Default,Default,Default,Default,1,Default,?,16,4096,"7,932.4 ns",101.73 ns,90.18 ns,"7,922.5 ns",1.91,0.04,0 B,NA
ResizableSpanWriterStreamingBench,New.GetSpan+Advance(chunked),Job-CNUJVU,False,Default,Default,Default,Default,Default,Default,00000000000000000000000000000000000000000000000000000000000000001111111111111111111111111111111111111111111111111111111111111111,Empty,RyuJit,Default,X64,8c5e7fda-e8bf-4a96-9a85-a6e23a8c635c,.NET 10.0,False,True,False,True,Default,Default,False,False,False,Default,Default,Default,Default,Default,Default,Default,1,Default,Default,Default,Default,Default,Default,Default,Default,Default,1,Default,?,16,4096,"7,603.0 ns",128.23 ns,119.95 ns,"7,600.0 ns",1.83,0.04,0 B,NA
ResizableByteWriterStreamingBench,Old.Write(chunked),Job-CNUJVU,False,Default,Default,Default,Default,Default,Default,00000000000000000000000000000000000000000000000000000000000000001111111111111111111111111111111111111111111111111111111111111111,Empty,RyuJit,Default,X64,8c5e7fda-e8bf-4a96-9a85-a6e23a8c635c,.NET 10.0,False,True,False,True,Default,Default,False,False,False,Default,Default,Default,Default,Default,Default,Default,1,Default,Default,Default,Default,Default,Default,Default,Default,Default,1,Default,4096,256,?,606.3 ns,12.56 ns,30.09 ns,606.0 ns,1.00,0.07,0 B,NA
ResizableByteWriterStreamingBench,New.Write(chunked),Job-CNUJVU,False,Default,Default,Default,Default,Default,Default,00000000000000000000000000000000000000000000000000000000000000001111111111111111111111111111111111111111111111111111111111111111,Empty,RyuJit,Default,X64,8c5e7fda-e8bf-4a96-9a85-a6e23a8c635c,.NET 10.0,False,True,False,True,Default,Default,False,False,False,Default,Default,Default,Default,Default,Default,Default,1,Default,Default,Default,Default,Default,Default,Default,Default,Default,1,Default,4096,256,?,566.4 ns,12.48 ns,35.20 ns,568.0 ns,0.94,0.07,0 B,NA
ResizableByteWriterStreamingBench,Old.GetSpan+Advance(chunked),Job-CNUJVU,False,Default,Default,Default,Default,Default,Default,00000000000000000000000000000000000000000000000000000000000000001111111111111111111111111111111111111111111111111111111111111111,Empty,RyuJit,Default,X64,8c5e7fda-e8bf-4a96-9a85-a6e23a8c635c,.NET 10.0,False,True,False,True,Default,Default,False,False,False,Default,Default,Default,Default,Default,Default,Default,1,Default,Default,Default,Default,Default,Default,Default,Default,Default,1,Default,4096,256,?,759.8 ns,15.92 ns,26.60 ns,757.5 ns,1.26,0.08,0 B,NA
ResizableByteWriterStreamingBench,New.GetSpan+Advance(chunked),Job-CNUJVU,False,Default,Default,Default,Default,Default,Default,00000000000000000000000000000000000000000000000000000000000000001111111111111111111111111111111111111111111111111111111111111111,Empty,RyuJit,Default,X64,8c5e7fda-e8bf-4a96-9a85-a6e23a8c635c,.NET 10.0,False,True,False,True,Default,Default,False,False,False,Default,Default,Default,Default,Default,Default,Default,1,Default,Default,Default,Default,Default,Default,Default,Default,Default,1,Default,4096,256,?,730.6 ns,15.30 ns,25.57 ns,727.5 ns,1.21,0.07,0 B,NA
ResizableSpanWriterStreamingBench,Old.Write(chunked),Job-CNUJVU,False,Default,Default,Default,Default,Default,Default,00000000000000000000000000000000000000000000000000000000000000001111111111111111111111111111111111111111111111111111111111111111,Empty,RyuJit,Default,X64,8c5e7fda-e8bf-4a96-9a85-a6e23a8c635c,.NET 10.0,False,True,False,True,Default,Default,False,False,False,Default,Default,Default,Default,Default,Default,Default,1,Default,Default,Default,Default,Default,Default,Default,Default,Default,1,Default,?,256,4096,644.6 ns,13.25 ns,35.15 ns,640.0 ns,1.00,0.08,0 B,NA
ResizableSpanWriterStreamingBench,New.Write(chunked),Job-CNUJVU,False,Default,Default,Default,Default,Default,Default,00000000000000000000000000000000000000000000000000000000000000001111111111111111111111111111111111111111111111111111111111111111,Empty,RyuJit,Default,X64,8c5e7fda-e8bf-4a96-9a85-a6e23a8c635c,.NET 10.0,False,True,False,True,Default,Default,False,False,False,Default,Default,Default,Default,Default,Default,Default,1,Default,Default,Default,Default,Default,Default,Default,Default,Default,1,Default,?,256,4096,647.1 ns,12.21 ns,20.40 ns,642.5 ns,1.01,0.06,0 B,NA
ResizableSpanWriterStreamingBench,Old.GetSpan+Advance(chunked),Job-CNUJVU,False,Default,Default,Default,Default,Default,Default,00000000000000000000000000000000000000000000000000000000000000001111111111111111111111111111111111111111111111111111111111111111,Empty,RyuJit,Default,X64,8c5e7fda-e8bf-4a96-9a85-a6e23a8c635c,.NET 10.0,False,True,False,True,Default,Default,False,False,False,Default,Default,Default,Default,Default,Default,Default,1,Default,Default,Default,Default,Default,Default,Default,Default,Default,1,Default,?,256,4096,968.8 ns,17.99 ns,23.39 ns,958.0 ns,1.51,0.09,0 B,NA
ResizableSpanWriterStreamingBench,New.GetSpan+Advance(chunked),Job-CNUJVU,False,Default,Default,Default,Default,Default,Default,00000000000000000000000000000000000000000000000000000000000000001111111111111111111111111111111111111111111111111111111111111111,Empty,RyuJit,Default,X64,8c5e7fda-e8bf-4a96-9a85-a6e23a8c635c,.NET 10.0,False,True,False,True,Default,Default,False,False,False,Default,Default,Default,Default,Default,Default,Default,1,Default,Default,Default,Default,Default,Default,Default,Default,Default,1,Default,?,256,4096,"1,038.1 ns",20.56 ns,26.73 ns,"1,027.0 ns",1.62,0.10,0 B,NA
ResizableByteWriterStreamingBench,Old.Write(chunked),Job-CNUJVU,False,Default,Default,Default,Default,Default,Default,00000000000000000000000000000000000000000000000000000000000000001111111111111111111111111111111111111111111111111111111111111111,Empty,RyuJit,Default,X64,8c5e7fda-e8bf-4a96-9a85-a6e23a8c635c,.NET 10.0,False,True,False,True,Default,Default,False,False,False,Default,Default,Default,Default,Default,Default,Default,1,Default,Default,Default,Default,Default,Default,Default,Default,Default,1,Default,4096,4096,?,170.8 ns,7.57 ns,21.83 ns,169.0 ns,1.02,0.18,0 B,NA
ResizableByteWriterStreamingBench,New.Write(chunked),Job-CNUJVU,False,Default,Default,Default,Default,Default,Default,00000000000000000000000000000000000000000000000000000000000000001111111111111111111111111111111111111111111111111111111111111111,Empty,RyuJit,Default,X64,8c5e7fda-e8bf-4a96-9a85-a6e23a8c635c,.NET 10.0,False,True,False,True,Default,Default,False,False,False,Default,Default,Default,Default,Default,Default,Default,1,Default,Default,Default,Default,Default,Default,Default,Default,Default,1,Default,4096,4096,?,182.6 ns,4.27 ns,12.05 ns,181.0 ns,1.09,0.15,0 B,NA
ResizableByteWriterStreamingBench,Old.GetSpan+Advance(chunked),Job-CNUJVU,False,Default,Default,Default,Default,Default,Default,00000000000000000000000000000000000000000000000000000000000000001111111111111111111111111111111111111111111111111111111111111111,Empty,RyuJit,Default,X64,8c5e7fda-e8bf-4a96-9a85-a6e23a8c635c,.NET 10.0,False,True,False,True,Default,Default,False,False,False,Default,Default,Default,Default,Default,Default,Default,1,Default,Default,Default,Default,Default,Default,Default,Default,Default,1,Default,4096,4096,?,195.9 ns,8.13 ns,23.58 ns,198.5 ns,1.17,0.20,0 B,NA
ResizableByteWriterStreamingBench,New.GetSpan+Advance(chunked),Job-CNUJVU,False,Default,Default,Default,Default,Default,Default,00000000000000000000000000000000000000000000000000000000000000001111111111111111111111111111111111111111111111111111111111111111,Empty,RyuJit,Default,X64,8c5e7fda-e8bf-4a96-9a85-a6e23a8c635c,.NET 10.0,False,True,False,True,Default,Default,False,False,False,Default,Default,Default,Default,Default,Default,Default,1,Default,Default,Default,Default,Default,Default,Default,Default,Default,1,Default,4096,4096,?,190.4 ns,4.51 ns,13.09 ns,190.5 ns,1.13,0.16,0 B,NA
ResizableSpanWriterStreamingBench,Old.Write(chunked),Job-CNUJVU,False,Default,Default,Default,Default,Default,Default,00000000000000000000000000000000000000000000000000000000000000001111111111111111111111111111111111111111111111111111111111111111,Empty,RyuJit,Default,X64,8c5e7fda-e8bf-4a96-9a85-a6e23a8c635c,.NET 10.0,False,True,False,True,Default,Default,False,False,False,Default,Default,Default,Default,Default,Default,Default,1,Default,Default,Default,Default,Default,Default,Default,Default,Default,1,Default,?,4096,4096,439.5 ns,28.67 ns,84.07 ns,425.5 ns,1.03,0.27,0 B,NA
ResizableSpanWriterStreamingBench,New.Write(chunked),Job-CNUJVU,False,Default,Default,Default,Default,Default,Default,00000000000000000000000000000000000000000000000000000000000000001111111111111111111111111111111111111111111111111111111111111111,Empty,RyuJit,Default,X64,8c5e7fda-e8bf-4a96-9a85-a6e23a8c635c,.NET 10.0,False,True,False,True,Default,Default,False,False,False,Default,Default,Default,Default,Default,Default,Default,1,Default,Default,Default,Default,Default,Default,Default,Default,Default,1,Default,?,4096,4096,432.6 ns,14.21 ns,41.22 ns,439.5 ns,1.02,0.21,0 B,NA
ResizableSpanWriterStreamingBench,Old.GetSpan+Advance(chunked),Job-CNUJVU,False,Default,Default,Default,Default,Default,Default,00000000000000000000000000000000000000000000000000000000000000001111111111111111111111111111111111111111111111111111111111111111,Empty,RyuJit,Default,X64,8c5e7fda-e8bf-4a96-9a85-a6e23a8c635c,.NET 10.0,False,True,False,True,Default,Default,False,False,False,Default,Default,Default,Default,Default,Default,Default,1,Default,Default,Default,Default,Default,Default,Default,Default,Default,1,Default,?,4096,4096,426.8 ns,29.24 ns,85.74 ns,389.0 ns,1.00,0.27,0 B,NA
ResizableSpanWriterStreamingBench,New.GetSpan+Advance(chunked),Job-CNUJVU,False,Default,Default,Default,Default,Default,Default,00000000000000000000000000000000000000000000000000000000000000001111111111111111111111111111111111111111111111111111111111111111,Empty,RyuJit,Default,X64,8c5e7fda-e8bf-4a96-9a85-a6e23a8c635c,.NET 10.0,False,True,False,True,Default,Default,False,False,False,Default,Default,Default,Default,Default,Default,Default,1,Default,Default,Default,Default,Default,Default,Default,Default,Default,1,Default,?,4096,4096,419.8 ns,8.84 ns,24.63 ns,417.5 ns,0.99,0.19,0 B,NA
ResizableByteWriterStreamingBench,Old.Write(chunked),Job-CNUJVU,False,Default,Default,Default,Default,Default,Default,00000000000000000000000000000000000000000000000000000000000000001111111111111111111111111111111111111111111111111111111111111111,Empty,RyuJit,Default,X64,8c5e7fda-e8bf-4a96-9a85-a6e23a8c635c,.NET 10.0,False,True,False,True,Default,Default,False,False,False,Default,Default,Default,Default,Default,Default,Default,1,Default,Default,Default,Default,Default,Default,Default,Default,Default,1,Default,65536,16,?,"39,388.9 ns",782.46 ns,"1,782.07 ns","38,899.5 ns",1.00,0.06,0 B,NA
ResizableByteWriterStreamingBench,New.Write(chunked),Job-CNUJVU,False,Default,Default,Default,Default,Default,Default,00000000000000000000000000000000000000000000000000000000000000001111111111111111111111111111111111111111111111111111111111111111,Empty,RyuJit,Default,X64,8c5e7fda-e8bf-4a96-9a85-a6e23a8c635c,.NET 10.0,False,True,False,True,Default,Default,False,False,False,Default,Default,Default,Default,Default,Default,Default,1,Default,Default,Default,Default,Default,Default,Default,Default,Default,1,Default,65536,16,?,"39,997.4 ns",764.67 ns,715.27 ns,"40,106.5 ns",1.02,0.05,0 B,NA
ResizableByteWriterStreamingBench,Old.GetSpan+Advance(chunked),Job-CNUJVU,False,Default,Default,Default,Default,Default,Default,00000000000000000000000000000000000000000000000000000000000000001111111111111111111111111111111111111111111111111111111111111111,Empty,RyuJit,Default,X64,8c5e7fda-e8bf-4a96-9a85-a6e23a8c635c,.NET 10.0,False,True,False,True,Default,Default,False,False,False,Default,Default,Default,Default,Default,Default,Default,1,Default,Default,Default,Default,Default,Default,Default,Default,Default,1,Default,65536,16,?,"41,400.6 ns",422.32 ns,329.72 ns,"41,371.5 ns",1.05,0.05,0 B,NA
ResizableByteWriterStreamingBench,New.GetSpan+Advance(chunked),Job-CNUJVU,False,Default,Default,Default,Default,Default,Default,00000000000000000000000000000000000000000000000000000000000000001111111111111111111111111111111111111111111111111111111111111111,Empty,RyuJit,Default,X64,8c5e7fda-e8bf-4a96-9a85-a6e23a8c635c,.NET 10.0,False,True,False,True,Default,Default,False,False,False,Default,Default,Default,Default,Default,Default,Default,1,Default,Default,Default,Default,Default,Default,Default,Default,Default,1,Default,65536,16,?,"42,183.7 ns",830.46 ns,"1,341.03 ns","41,635.0 ns",1.07,0.06,0 B,NA
ResizableSpanWriterStreamingBench,Old.Write(chunked),Job-CNUJVU,False,Default,Default,Default,Default,Default,Default,00000000000000000000000000000000000000000000000000000000000000001111111111111111111111111111111111111111111111111111111111111111,Empty,RyuJit,Default,X64,8c5e7fda-e8bf-4a96-9a85-a6e23a8c635c,.NET 10.0,False,True,False,True,Default,Default,False,False,False,Default,Default,Default,Default,Default,Default,Default,1,Default,Default,Default,Default,Default,Default,Default,Default,Default,1,Default,?,16,65536,"30,684.8 ns",271.49 ns,211.96 ns,"30,633.5 ns",1.00,0.01,0 B,NA
ResizableSpanWriterStreamingBench,New.Write(chunked),Job-CNUJVU,False,Default,Default,Default,Default,Default,Default,00000000000000000000000000000000000000000000000000000000000000001111111111111111111111111111111111111111111111111111111111111111,Empty,RyuJit,Default,X64,8c5e7fda-e8bf-4a96-9a85-a6e23a8c635c,.NET 10.0,False,True,False,True,Default,Default,False,False,False,Default,Default,Default,Default,Default,Default,Default,1,Default,Default,Default,Default,Default,Default,Default,Default,Default,1,Default,?,16,65536,"21,055.6 ns",263.06 ns,219.66 ns,"20,976.0 ns",0.69,0.01,0 B,NA
ResizableSpanWriterStreamingBench,Old.GetSpan+Advance(chunked),Job-CNUJVU,False,Default,Default,Default,Default,Default,Default,00000000000000000000000000000000000000000000000000000000000000001111111111111111111111111111111111111111111111111111111111111111,Empty,RyuJit,Default,X64,8c5e7fda-e8bf-4a96-9a85-a6e23a8c635c,.NET 10.0,False,True,False,True,Default,Default,False,False,False,Default,Default,Default,Default,Default,Default,Default,1,Default,Default,Default,Default,Default,Default,Default,Default,Default,1,Default,?,16,65536,"15,994.8 ns",136.59 ns,106.64 ns,"15,985.0 ns",0.52,0.00,0 B,NA
ResizableSpanWriterStreamingBench,New.GetSpan+Advance(chunked),Job-CNUJVU,False,Default,Default,Default,Default,Default,Default,00000000000000000000000000000000000000000000000000000000000000001111111111111111111111111111111111111111111111111111111111111111,Empty,RyuJit,Default,X64,8c5e7fda-e8bf-4a96-9a85-a6e23a8c635c,.NET 10.0,False,True,False,True,Default,Default,False,False,False,Default,Default,Default,Default,Default,Default,Default,1,Default,Default,Default,Default,Default,Default,Default,Default,Default,1,Default,?,16,65536,"17,797.1 ns",182.38 ns,161.67 ns,"17,760.0 ns",0.58,0.01,0 B,NA
ResizableByteWriterStreamingBench,Old.Write(chunked),Job-CNUJVU,False,Default,Default,Default,Default,Default,Default,00000000000000000000000000000000000000000000000000000000000000001111111111111111111111111111111111111111111111111111111111111111,Empty,RyuJit,Default,X64,8c5e7fda-e8bf-4a96-9a85-a6e23a8c635c,.NET 10.0,False,True,False,True,Default,Default,False,False,False,Default,Default,Default,Default,Default,Default,Default,1,Default,Default,Default,Default,Default,Default,Default,Default,Default,1,Default,65536,256,?,"7,591.9 ns",119.99 ns,106.37 ns,"7,634.0 ns",1.00,0.02,0 B,NA
ResizableByteWriterStreamingBench,New.Write(chunked),Job-CNUJVU,False,Default,Default,Default,Default,Default,Default,00000000000000000000000000000000000000000000000000000000000000001111111111111111111111111111111111111111111111111111111111111111,Empty,RyuJit,Default,X64,8c5e7fda-e8bf-4a96-9a85-a6e23a8c635c,.NET 10.0,False,True,False,True,Default,Default,False,False,False,Default,Default,Default,Default,Default,Default,Default,1,Default,Default,Default,Default,Default,Default,Default,Default,Default,1,Default,65536,256,?,"7,479.4 ns",92.17 ns,81.71 ns,"7,471.5 ns",0.99,0.02,0 B,NA
ResizableByteWriterStreamingBench,Old.GetSpan+Advance(chunked),Job-CNUJVU,False,Default,Default,Default,Default,Default,Default,00000000000000000000000000000000000000000000000000000000000000001111111111111111111111111111111111111111111111111111111111111111,Empty,RyuJit,Default,X64,8c5e7fda-e8bf-4a96-9a85-a6e23a8c635c,.NET 10.0,False,True,False,True,Default,Default,False,False,False,Default,Default,Default,Default,Default,Default,Default,1,Default,Default,Default,Default,Default,Default,Default,Default,Default,1,Default,65536,256,?,"10,855.0 ns",190.50 ns,168.87 ns,"10,802.5 ns",1.43,0.03,0 B,NA
ResizableByteWriterStreamingBench,New.GetSpan+Advance(chunked),Job-CNUJVU,False,Default,Default,Default,Default,Default,Default,00000000000000000000000000000000000000000000000000000000000000001111111111111111111111111111111111111111111111111111111111111111,Empty,RyuJit,Default,X64,8c5e7fda-e8bf-4a96-9a85-a6e23a8c635c,.NET 10.0,False,True,False,True,Default,Default,False,False,False,Default,Default,Default,Default,Default,Default,Default,1,Default,Default,Default,Default,Default,Default,Default,Default,Default,1,Default,65536,256,?,"9,942.3 ns",56.19 ns,46.92 ns,"9,948.0 ns",1.31,0.02,0 B,NA
ResizableSpanWriterStreamingBench,Old.Write(chunked),Job-CNUJVU,False,Default,Default,Default,Default,Default,Default,00000000000000000000000000000000000000000000000000000000000000001111111111111111111111111111111111111111111111111111111111111111,Empty,RyuJit,Default,X64,8c5e7fda-e8bf-4a96-9a85-a6e23a8c635c,.NET 10.0,False,True,False,True,Default,Default,False,False,False,Default,Default,Default,Default,Default,Default,Default,1,Default,Default,Default,Default,Default,Default,Default,Default,Default,1,Default,?,256,65536,"9,011.9 ns",108.84 ns,90.89 ns,"8,994.0 ns",1.00,0.01,0 B,NA
ResizableSpanWriterStreamingBench,New.Write(chunked),Job-CNUJVU,False,Default,Default,Default,Default,Default,Default,00000000000000000000000000000000000000000000000000000000000000001111111111111111111111111111111111111111111111111111111111111111,Empty,RyuJit,Default,X64,8c5e7fda-e8bf-4a96-9a85-a6e23a8c635c,.NET 10.0,False,True,False,True,Default,Default,False,False,False,Default,Default,Default,Default,Default,Default,Default,1,Default,Default,Default,Default,Default,Default,Default,Default,Default,1,Default,?,256,65536,"8,846.6 ns",169.46 ns,150.23 ns,"8,826.5 ns",0.98,0.02,0 B,NA
ResizableSpanWriterStreamingBench,Old.GetSpan+Advance(chunked),Job-CNUJVU,False,Default,Default,Default,Default,Default,Default,00000000000000000000000000000000000000000000000000000000000000001111111111111111111111111111111111111111111111111111111111111111,Empty,RyuJit,Default,X64,8c5e7fda-e8bf-4a96-9a85-a6e23a8c635c,.NET 10.0,False,True,False,True,Default,Default,False,False,False,Default,Default,Default,Default,Default,Default,Default,1,Default,Default,Default,Default,Default,Default,Default,Default,Default,1,Default,?,256,65536,"14,050.2 ns",207.43 ns,173.21 ns,"13,989.0 ns",1.56,0.02,0 B,NA
ResizableSpanWriterStreamingBench,New.GetSpan+Advance(chunked),Job-CNUJVU,False,Default,Default,Default,Default,Default,Default,00000000000000000000000000000000000000000000000000000000000000001111111111111111111111111111111111111111111111111111111111111111,Empty,RyuJit,Default,X64,8c5e7fda-e8bf-4a96-9a85-a6e23a8c635c,.NET 10.0,False,True,False,True,Default,Default,False,False,False,Default,Default,Default,Default,Default,Default,Default,1,Default,Default,Default,Default,Default,Default,Default,Default,Default,1,Default,?,256,65536,"14,384.5 ns",170.92 ns,142.72 ns,"14,399.0 ns",1.60,0.02,0 B,NA
ResizableByteWriterStreamingBench,Old.Write(chunked),Job-CNUJVU,False,Default,Default,Default,Default,Default,Default,00000000000000000000000000000000000000000000000000000000000000001111111111111111111111111111111111111111111111111111111111111111,Empty,RyuJit,Default,X64,8c5e7fda-e8bf-4a96-9a85-a6e23a8c635c,.NET 10.0,False,True,False,True,Default,Default,False,False,False,Default,Default,Default,Default,Default,Default,Default,1,Default,Default,Default,Default,Default,Default,Default,Default,Default,1,Default,65536,4096,?,"1,621.3 ns",31.36 ns,27.80 ns,"1,624.0 ns",1.00,0.02,0 B,NA
ResizableByteWriterStreamingBench,New.Write(chunked),Job-CNUJVU,False,Default,Default,Default,Default,Default,Default,00000000000000000000000000000000000000000000000000000000000000001111111111111111111111111111111111111111111111111111111111111111,Empty,RyuJit,Default,X64,8c5e7fda-e8bf-4a96-9a85-a6e23a8c635c,.NET 10.0,False,True,False,True,Default,Default,False,False,False,Default,Default,Default,Default,Default,Default,Default,1,Default,Default,Default,Default,Default,Default,Default,Default,Default,1,Default,65536,4096,?,"1,729.8 ns",35.13 ns,34.51 ns,"1,727.0 ns",1.07,0.03,0 B,NA
ResizableByteWriterStreamingBench,Old.GetSpan+Advance(chunked),Job-CNUJVU,False,Default,Default,Default,Default,Default,Default,00000000000000000000000000000000000000000000000000000000000000001111111111111111111111111111111111111111111111111111111111111111,Empty,RyuJit,Default,X64,8c5e7fda-e8bf-4a96-9a85-a6e23a8c635c,.NET 10.0,False,True,False,True,Default,Default,False,False,False,Default,Default,Default,Default,Default,Default,Default,1,Default,Default,Default,Default,Default,Default,Default,Default,Default,1,Default,65536,4096,?,"1,915.0 ns",35.38 ns,33.10 ns,"1,906.5 ns",1.18,0.03,0 B,NA
ResizableByteWriterStreamingBench,New.GetSpan+Advance(chunked),Job-CNUJVU,False,Default,Default,Default,Default,Default,Default,00000000000000000000000000000000000000000000000000000000000000001111111111111111111111111111111111111111111111111111111111111111,Empty,RyuJit,Default,X64,8c5e7fda-e8bf-4a96-9a85-a6e23a8c635c,.NET 10.0,False,True,False,True,Default,Default,False,False,False,Default,Default,Default,Default,Default,Default,Default,1,Default,Default,Default,Default,Default,Default,Default,Default,Default,1,Default,65536,4096,?,"1,890.7 ns",28.03 ns,23.41 ns,"1,886.0 ns",1.17,0.02,0 B,NA
ResizableSpanWriterStreamingBench,Old.Write(chunked),Job-CNUJVU,False,Default,Default,Default,Default,Default,Default,00000000000000000000000000000000000000000000000000000000000000001111111111111111111111111111111111111111111111111111111111111111,Empty,RyuJit,Default,X64,8c5e7fda-e8bf-4a96-9a85-a6e23a8c635c,.NET 10.0,False,True,False,True,Default,Default,False,False,False,Default,Default,Default,Default,Default,Default,Default,1,Default,Default,Default,Default,Default,Default,Default,Default,Default,1,Default,?,4096,65536,"5,297.0 ns",70.47 ns,58.85 ns,"5,302.5 ns",1.00,0.02,0 B,NA
ResizableSpanWriterStreamingBench,New.Write(chunked),Job-CNUJVU,False,Default,Default,Default,Default,Default,Default,00000000000000000000000000000000000000000000000000000000000000001111111111111111111111111111111111111111111111111111111111111111,Empty,RyuJit,Default,X64,8c5e7fda-e8bf-4a96-9a85-a6e23a8c635c,.NET 10.0,False,True,False,True,Default,Default,False,False,False,Default,Default,Default,Default,Default,Default,Default,1,Default,Default,Default,Default,Default,Default,Default,Default,Default,1,Default,?,4096,65536,"5,440.2 ns",71.22 ns,59.47 ns,"5,452.0 ns",1.03,0.02,0 B,NA
ResizableSpanWriterStreamingBench,Old.GetSpan+Advance(chunked),Job-CNUJVU,False,Default,Default,Default,Default,Default,Default,00000000000000000000000000000000000000000000000000000000000000001111111111111111111111111111111111111111111111111111111111111111,Empty,RyuJit,Default,X64,8c5e7fda-e8bf-4a96-9a85-a6e23a8c635c,.NET 10.0,False,True,False,True,Default,Default,False,False,False,Default,Default,Default,Default,Default,Default,Default,1,Default,Default,Default,Default,Default,Default,Default,Default,Default,1,Default,?,4096,65536,"5,978.2 ns",78.29 ns,65.38 ns,"5,963.0 ns",1.13,0.02,0 B,NA
ResizableSpanWriterStreamingBench,New.GetSpan+Advance(chunked),Job-CNUJVU,False,Default,Default,Default,Default,Default,Default,00000000000000000000000000000000000000000000000000000000000000001111111111111111111111111111111111111111111111111111111111111111,Empty,RyuJit,Default,X64,8c5e7fda-e8bf-4a96-9a85-a6e23a8c635c,.NET 10.0,False,True,False,True,Default,Default,False,False,False,Default,Default,Default,Default,Default,Default,Default,1,Default,Default,Default,Default,Default,Default,Default,Default,Default,1,Default,?,4096,65536,"6,204.6 ns",82.64 ns,64.52 ns,"6,219.5 ns",1.17,0.02,0 B,NA
